   8.4302509174048690E-002   2.4683885473454615E-002   1.9557536405113343E-002   1437.8938073760437     
   2.8563346349245143E-002   6.7361863814926204E-002   1.8445548159002484E-004   1173000.0000000000     
   7.7811518785410608E-002   5.5957321450879387E-002  -3.0383253272576433E-002   288006.96246615984     
   6.4669382848471083E-002   5.9000684049586187E-002  -2.2226098116235549E-002   149466.49016690752     
   5.9021586753190934E-002   6.0308560599027859E-002  -1.8720583543746290E-002   114617.78087042684     
   6.3775179064066809E-002   5.9207757417730919E-002  -2.1671077300306336E-002   81781.467839298406     
   6.3743293460342007E-002   5.9215141259617722E-002  -2.1651286315181477E-002   74664.467839298406     
   6.2472161033151313E-002   5.9509501088604276E-002  -2.0862310726844559E-002   67547.467839298406     
   6.3562491016556005E-002   5.9257010206782278E-002  -2.1539064558102963E-002   60822.805161001117     
   6.2154177799892331E-002   5.9583137389716954E-002  -2.0664942613833507E-002   53705.805161001117     
   6.3801088604607342E-002   5.9201757470157018E-002  -2.1687159019688391E-002   46588.805161001117     
   6.2700630066023319E-002   5.9456593850926796E-002  -2.1004118524184243E-002   46588.805161001117     
   6.4156485168156904E-002   5.9119457255457857E-002  -2.1907749106780366E-002   39471.805161001117     
   6.4163901647836599E-002   5.9117739799712493E-002  -2.1912352420560669E-002   32354.805161001117     
   6.4310806162965473E-002   5.9083720694365419E-002  -2.2003534168247893E-002   25237.805161001117     
   6.4128700775323511E-002   5.9125891368023931E-002  -2.1890503690635367E-002   18120.805161001117     
   6.4119069343967328E-002   5.9128121746563775E-002  -2.1884525584768322E-002   11003.805161001117     
   6.4140222106394446E-002   5.9123223339916715E-002  -2.1897654833007055E-002   3886.8051610011171     
   6.4133873818271639E-002   5.9124693431440001E-002  -2.1893714532020724E-002   3173.8051610011171     
   6.4141036288909950E-002   5.9123034797306281E-002  -2.1898160185648090E-002   2322.8051610011171     
   6.4139932717202419E-002   5.9123290354612633E-002  -2.1897475212848561E-002   1471.8051610011171     
   6.4796400980746769E-003   4.2851540832947434E-002   7.7828372609450996E-002   1332000.0000000000     
   5.8701969513446570E-003   4.3454402692511544E-002   8.0990718295134032E-002   563603.69674946356     
   1.0309347553588194E-002   3.9063189826614442E-002   5.7956364999959653E-002   217567.94798982929     
   8.0088138806196398E-003   4.1338880373824854E-002   6.9893627359074284E-002   125557.36725699023     
   6.6889268252354455E-003   4.2644514162461108E-002   7.6742402601815862E-002   118440.36725699023     
   8.8177230269866676E-003   4.0538706518701867E-002   6.5696270537771786E-002   111323.36725699023     
   7.0636820842110218E-003   4.2273805830568861E-002   7.4797831261950692E-002   90430.383403408778     
   6.8364326464184100E-003   4.2498601235009176E-002   7.5977008159801213E-002   83313.383403408778     
   6.6599973900701463E-003   4.2673131192898596E-002   7.6892514839479217E-002   76196.383403408778     
   6.6981406675201902E-003   4.2635399819107973E-002   7.6694592802732775E-002   69079.383403408778     
   6.8902709365858596E-003   4.2445344336641787E-002   7.5697646113400172E-002   61962.383403408778     
   6.7231956045967446E-003   4.2610615446622570E-002   7.6564584987247081E-002   54845.383403408778     
   6.6631623956836571E-003   4.2670000365716554E-002   7.6876091909956160E-002   47728.383403408778     
   6.8077576143900165E-003   4.2526966609571927E-002   7.6125800322463730E-002   40611.383403408778     
   6.6272193345938172E-003   4.2705555282960779E-002   7.7062597221858625E-002   33494.383403408778     
   6.6282014894012272E-003   4.2704583734299098E-002   7.7057500908880860E-002   26377.383403408778     
   6.6396180008198614E-003   4.2693290508113026E-002   7.6998261657731715E-002   19260.383403408778     
   6.6329322938724075E-003   4.2699904017091624E-002   7.7032953189886039E-002   12143.383403408778     
   6.6324098195294397E-003   4.2700420849310784E-002   7.7035664262269460E-002   5026.3834034087777     
   6.6346148850747327E-003   4.2698239595944938E-002   7.7024222375440113E-002   4175.3834034087777     
   6.6332882998332808E-003   4.2699551855586916E-002   7.7031105906968045E-002   3324.3834034087777     
   6.6323582555926101E-003   4.2700471856416219E-002   7.7035931822900916E-002   2473.3834034087777     
   6.6323583640522307E-003   4.2700471749127840E-002   7.7035931260113696E-002   2375.3834034087777     
   6.6325044274964887E-003   4.2700327263001298E-002   7.7035173350035832E-002   1649.3834034087777     
  -1.9870471047168679E-002  -6.8243335912907363E-002   6.6273698555240498E-002   1332000.0000000000     
  -1.7999663921500188E-002  -7.2134474995804901E-002   5.9117274496316784E-002   314148.81952075212     
  -2.0734646752303049E-002  -6.6445914995164529E-002   6.9579441687446675E-002   152110.03527957841     
  -1.9272384322420854E-002  -6.9487311626756990E-002   6.3985829235318606E-002   144993.03527957841     
   1.9684421050409011E-002   4.3069104715284232E-002  -1.9355594351053263E-002   1173000.0000000000     
   1.5001720297967730E-002   3.6521294740446637E-002  -2.0787446943438155E-002   483563.08306496282     
   1.9938109434583982E-002   4.3423836614719685E-002  -1.9278022797853012E-002   382696.85759038554     
   5.2862274518418141E-003   2.2936142852369789E-002  -2.3758201290866789E-002   180834.71850167043     
   6.7298613894891555E-003   2.4954772954242792E-002  -2.3316774194549028E-002   170212.70549295229     
   5.1316408193472045E-003   2.2719984710362306E-002  -2.3805470010818636E-002   113780.98321487493     
   4.1312401780490282E-003   2.1321126734116201E-002  -2.4111367467733756E-002   106663.98321487493     
   6.9290961020425064E-003   2.5233362406603295E-002  -2.3255853210112032E-002   81411.292162112804     
   7.8073558090877467E-003   2.6461430988028386E-002  -2.2987303391363886E-002   74294.292162112804     
   7.9140197912174852E-003   2.6610578995357466E-002  -2.2954688217471566E-002   74294.292162112804     
   7.3195807540944466E-003   2.5779376221044398E-002  -2.3136452784826348E-002   74294.292162112804     
   8.0806414385342917E-003   2.6843565671637405E-002  -2.2903739491454078E-002   67177.292162112804     
   8.7583763540264505E-003   2.7791240886125907E-002  -2.2696505130985652E-002   54935.353859350114     
   8.2372516040959427E-003   2.7062553315400660E-002  -2.2855852025778129E-002   47818.353859350114     
   8.9126614199581417E-003   2.8006977348283849E-002  -2.2649328622534753E-002   47720.353859350114     
   9.3750673291467142E-003   2.8653558495505417E-002  -2.2507936478383631E-002   40603.353859350114     
   8.1744846028522205E-003   2.6974786358133527E-002  -2.2875044602497920E-002   33486.353859350114     
   8.1462608726387050E-003   2.6935321179385380E-002  -2.2883674712216532E-002   26369.353859350114     
   8.2215836284381810E-003   2.7040644820128159E-002  -2.2860642900264672E-002   19252.353859350114     
   8.1796461447408864E-003   2.6982003730596744E-002  -2.2873466332280646E-002   12135.353859350114     
   8.1863850734043130E-003   2.6991426759454418E-002  -2.2871405736699858E-002   5018.3538593501144     
   8.1933138780334799E-003   2.7001115291449742E-002  -2.2869287081804981E-002   4167.3538593501144     
   8.1838012179601093E-003   2.6987813760173548E-002  -2.2872195814971293E-002   3316.3538593501144     
   8.1820042794067110E-003   2.6985301105018726E-002  -2.2872745273769125E-002   3218.3538593501144     
   8.1784186906748088E-003   2.6980287384325133E-002  -2.2873841656987359E-002   2492.3538593501144     
   8.1787317928198738E-003   2.6980725194353360E-002  -2.2873745918194344E-002   1766.3538593501144     
   8.1785263789105403E-003   2.6980437964543979E-002  -2.2873808728622373E-002   1040.3538593501144     
  -6.8816346363958225E-002   6.8212313494769264E-002  -2.9156241295590676E-002   1173000.0000000000     
  -6.4075419454320132E-002   6.7251002158675841E-002  -4.1216429376733164E-002   395927.85832866206     
  -6.3444487748962483E-002   6.7123068990284640E-002  -4.2821422488417728E-002   323023.21406478831     
  -6.4844695212637554E-002   6.7406987163538282E-002  -3.9259510295633078E-002   323023.21406478831     
  -5.1715424332882003E-002   6.4744782668106876E-002  -7.2658353854308813E-002   160879.13747549770     
  -5.3447885377992908E-002   6.5096071450606266E-002  -6.8251239708588929E-002   153762.13747549770     
  -6.1707469304522061E-002   6.6770856110088317E-002  -4.7240129956313312E-002   145840.02282529385     
  -6.1052816394032393E-002   6.6638113025021789E-002  -4.8905466161417437E-002   138723.02282529385     
  -6.5723335931205093E-002   6.7585147953445238E-002  -3.7024383594959354E-002   96480.770135217128     
  -6.0923852638095147E-002   6.6611963218688425E-002  -4.9233530099524525E-002   71815.416785591544     
  -6.1802836030551325E-002   6.6790193492116220E-002  -4.6997531689240785E-002   62681.833239515021     
  -6.1175585946113685E-002   6.6663006841018599E-002  -4.8593159324176828E-002   55564.833239515021     
  -6.1093176262402654E-002   6.6646296740933683E-002  -4.8802796870632555E-002   48447.833239515021     
  -6.1186748643688754E-002   6.6665270286105346E-002  -4.8564763140305146E-002   41330.833239515021     
  -6.0984892022589735E-002   6.6624340092110268E-002  -4.9078255303816258E-002   34213.833239515021     
  -6.0986527990370465E-002   6.6624671815084080E-002  -4.9074093653677722E-002   34213.833239515021     
  -6.0914641826842475E-002   6.6610095554950816E-002  -4.9256960985130729E-002   27096.833239515021     
  -6.0990785862009352E-002   6.6625535177956385E-002  -4.9063262283827673E-002   19979.833239515021     
  -6.0990939123000756E-002   6.6625566254480281E-002  -4.9062872411463669E-002   12862.833239515021     
  -6.1003235294893772E-002   6.6628059532621173E-002  -4.9031592843452106E-002   5745.8332395150210     
  -6.0990713081631377E-002   6.6625520420377601E-002  -4.9063447425902990E-002   5686.8332395150210     
  -6.0990872708564729E-002   6.6625552787714939E-002  -4.9063041359562853E-002   4960.8332395150210     
  -6.0990458734884088E-002   6.6625468846831723E-002  -4.9064094444865432E-002   4247.8332395150210     
  -6.0990014217341230E-002   6.6625378712610886E-002  -4.9065225229050553E-002   4149.8332395150210     
  -6.0990420712461350E-002   6.6625461137076500E-002  -4.9064191168054432E-002   3436.8332395150210     
  -6.0989381053087717E-002   6.6625250326751734E-002  -4.9066835901421003E-002   2723.8332395150210     
  -6.0989545485416546E-002   6.6625283668472604E-002  -4.9066417610894683E-002   2664.8332395150210     
  -6.0990034567023656E-002   6.6625382838888469E-002  -4.9065173462591781E-002   1951.8332395150210     
  -6.0989968850261950E-002   6.6625369513589591E-002  -4.9065340635914924E-002   1238.8332395150210     
  -1.2949415661726206E-002   7.2053152017239417E-003   2.9526107813829791E-002   1173000.0000000000     
   2.2348536667927035E-002  -6.2603322804695941E-003  -4.8673125664460103E-003   225648.10679552495     
   1.2639260161880224E-002  -2.5563866941491062E-003   4.5931576994246211E-003   152004.82081058630     
   1.4613406685173880E-002  -3.3094944357145639E-003   2.6695999067857840E-003   114481.06082303463     
   1.3709376458396013E-002  -2.9646202562338578E-003   3.5504637975766048E-003   107364.06082303463     
   1.4117488955664862E-002  -3.1203091463421753E-003   3.1528094364985547E-003   77293.614208795334     
   1.4986629314753610E-002  -3.4518733566038626E-003   2.3059413388698221E-003   62525.414472885430     
   1.5178780822702288E-002  -3.5251763189129573E-003   2.1187138326433244E-003   55408.414472885430     
   1.5020061503959436E-002  -3.4646272430106238E-003   2.2733658702746378E-003   48291.414472885430     
   1.4937950052719758E-002  -3.4333029371041881E-003   2.3533731645829911E-003   41174.414472885430     
   1.4685292422196128E-002  -3.3369177826752905E-003   2.5995562864176099E-003   34057.414472885430     
   1.4745868727254289E-002  -3.3600267483758803E-003   2.5405322867959970E-003   31314.603263646142     
   1.9144026067875040E-002  -5.0378588154294610E-003  -1.7449195406032906E-003   24197.603263646142     
   1.4711734463013182E-002  -3.3470050307124266E-003   2.5737918393176759E-003   17080.603263646142     
   1.4728628170172840E-002  -3.3534497304829641E-003   2.5573310438954076E-003   9963.6032636461423     
   1.4738143290198409E-002  -3.3570796082395683E-003   2.5480597547296261E-003   2846.6032636461423     
   1.4738075505599682E-002  -3.3570537494162951E-003   2.5481258023059162E-003   1995.6032636461423     
   1.4738050444038694E-002  -3.3570441888009241E-003   2.5481502216488394E-003   1269.6032636461423     
   7.4616647152348323E-002   6.3369490255367297E-002   8.9589716363868060E-002   1173000.0000000000     
   4.8184430129135453E-002  -2.8578116601279478E-002   4.9228403061799493E-002   1332000.0000000000     
   8.0428073134722736E-002  -2.9481275995015415E-002   6.0004113450685660E-002   746319.62647779181     
   8.8542863683704787E-002  -2.9708575041566786E-002   6.2716047483919707E-002   330862.98608796857     
   8.9362631901241413E-002  -2.9731537129511564E-002   6.2990011095806153E-002   148163.59144684550     
   3.2991131875078267E-002  -2.8152545271215881E-002   4.4150857022435389E-002   98618.869380144461     
   8.7437582816533077E-002  -2.9677615611897818E-002   6.2346666563750250E-002   91501.869380144461     
   8.9694717941971674E-002  -2.9740839013518969E-002   6.3100993065135155E-002   69292.178481315772     
   8.8631104176518219E-002  -2.9711046698692456E-002   6.2745537141616431E-002   54964.973146516000     
   8.9383456098845640E-002  -2.9732120424943782E-002   6.2996970468307129E-002   47847.973146516000     
   8.9617598461986581E-002  -2.9738678861120044E-002   6.3075220010225794E-002   40730.973146516000     
   8.9662562233813317E-002  -2.9739938317221083E-002   6.3090246742258299E-002   33613.973146516000     
   8.9688937326060647E-002  -2.9740677095786511E-002   6.3099061203933368E-002   32762.973146516000     
   8.9714290110522080E-002  -2.9741387239036757E-002   6.3107534013995839E-002   25645.973146516000     
   8.9651644344374670E-002  -2.9739632502074682E-002   6.3086598022582666E-002   18528.973146516000     
   8.9652487025911803E-002  -2.9739656105975336E-002   6.3086879643744168E-002   11411.973146516000     
   8.9652442780171995E-002  -2.9739654866631642E-002   6.3086864856975872E-002   4294.9731465160003     
   8.9652428743864310E-002  -2.9739654473468154E-002   6.3086860166091940E-002   3443.9731465160003     
   8.9650556869081327E-002  -2.9739602041387394E-002   6.3086234592221707E-002   3384.9731465160003     
   8.9654343603629991E-002  -2.9739708109578218E-002   6.3087500105389951E-002   2533.9731465160003     
   8.9653895567406966E-002  -2.9739695559875833E-002   6.3087350373283627E-002   1807.9731465160003     
   8.9653963085501928E-002  -2.9739697451088985E-002   6.3087372937589939E-002   1081.9731465160003     
   8.9654007250451376E-002  -2.9739698688169700E-002   6.3087387697358374E-002   1022.9731465160003     
   5.7739732133423316E-002  -2.8614225689737788E-002  -8.8281898236836978E-003   1173000.0000000000     
   1.4491390165801254E-002  -7.2285431707482417E-002  -6.0777492494869620E-002   214285.09922030880     
   1.1871485416863944E-002  -7.4930952780252455E-002  -6.3924485387085353E-002   214285.09922030880     
   7.3675842021893537E-003  -7.9478891241728675E-002  -6.9334508448256518E-002   155466.95377538167     
   2.0119346017389971E-002  -6.6602448076861262E-002  -5.4017270746411931E-002   145635.53886586911     
   7.6269890198590554E-002  -9.9028875530960472E-003   1.3429976526206970E-002   97805.523013171158     
   2.2875819795129305E-002  -6.3819022660916144E-002  -5.0706233049471493E-002   96954.523013171158     
   1.7987251344988880E-002  -6.8755389471874082E-002  -5.6578313006554727E-002   70843.312428330959     
   1.7005484744068836E-002  -6.9746755372611241E-002  -5.7757597297773099E-002   63726.312428330959     
   1.8617467819729460E-002  -6.8119011006203017E-002  -5.5821305803384340E-002   60526.102906245163     
   1.7147122983225103E-002  -6.9603732254480730E-002  -5.7587463428566008E-002   53409.102906245163     
   1.9927552319297385E-002  -6.6796117052855236E-002  -5.4247650650457668E-002   46292.102906245163     
   1.9999282303104916E-002  -6.6723685723514253E-002  -5.4161489598498577E-002   45441.102906245163     
   2.0097735767324980E-002  -6.6624269622838447E-002  -5.4043228676134800E-002   38324.102906245163     
   2.0098241785911009E-002  -6.6623758656616058E-002  -5.4042620853696141E-002   38226.102906245163     
   2.0093986809111525E-002  -6.6628055236784389E-002  -5.4047731872236014E-002   31109.102906245163     
   2.0073094545994413E-002  -6.6649151775640084E-002  -5.4072827366092625E-002   23992.102906245163     
   2.0082914305633911E-002  -6.6639236002531785E-002  -5.4061032008341045E-002   16875.102906245163     
   2.0092465034698123E-002  -6.6629591890466272E-002  -5.4049559806348686E-002   9758.1029062451635     
   2.0094162156226135E-002  -6.6627878175199634E-002  -5.4047521247737713E-002   2641.1029062451635     
   2.0092772998862675E-002  -6.6629280915157990E-002  -5.4049189884107313E-002   1928.1029062451635     
   2.0093896021058637E-002  -6.6628146912524569E-002  -5.4047840925573638E-002   1215.1029062451635     
  -1.8828096732947913E-002   5.8188936627353492E-002   2.3515656958736444E-002   1173000.0000000000     
  -2.8438564571041085E-002   5.6387785375313464E-002   2.6784807239151106E-002   590625.50618549332     
  -2.7042470844332971E-002   5.6649435068771514E-002   2.6309904219335316E-002   481354.39479781094     
  -1.6829628489644664E-002   5.8563480680695029E-002   2.2835846867483814E-002   473874.77710736578     
  -3.2738026792719394E-002   5.5581999237308846E-002   2.8247336261091070E-002   214762.64659178394     
  -3.2287452183063434E-002   5.5666443931988795E-002   2.8094066291686880E-002   154603.02927357372     
  -2.8724442780027202E-002   5.6334207349485695E-002   2.6882053163367926E-002   119237.20147140457     
  -2.6264773356071837E-002   5.6795187682305869E-002   2.6045358309119658E-002   112120.20147140457     
  -2.7397033558126727E-002   5.6582984497723872E-002   2.6430514247353831E-002   107854.79417345581     
  -2.6485878950673482E-002   5.6753749052547257E-002   2.6120570819974556E-002   100737.79417345581     
  -4.1172961634801566E-002   5.4001161164944328E-002   3.1116610688603597E-002   93620.794173455812     
  -3.9896426739204925E-002   5.4240403672615303E-002   3.0682377466849549E-002   86503.794173455812     
  -1.8321506221464882E-002   5.8283879573878178E-002   2.3343332308098132E-002   86503.794173455812     
  -3.1436897843456518E-002   5.5825851053423484E-002   2.7804736989026673E-002   79386.794173455812     
  -3.0527600513173634E-002   5.5996267525598123E-002   2.7495425343396690E-002   72269.794173455812     
  -3.1333872974830049E-002   5.5845159517303081E-002   2.7769691475755726E-002   68439.003990023004     
  -3.2298121535004914E-002   5.5664444329375104E-002   2.8097695637883020E-002   68439.003990023004     
  -3.2766293439120263E-002   5.5576701627825763E-002   2.8256951601006313E-002   61322.003990023004     
  -3.1681705419091703E-002   5.5779970303516967E-002   2.7888012097795383E-002   54205.003990023004     
  -3.2358424953149348E-002   5.5653142530240764E-002   2.8118208784553723E-002   54205.003990023004     
  -3.1678022361984810E-002   5.5780660565742608E-002   2.7886759248571324E-002   47088.003990023004     
  -3.1615843550817264E-002   5.5792313842718461E-002   2.7865608157761932E-002   39971.003990023004     
  -3.1615314921436530E-002   5.5792412916092098E-002   2.7865428336246750E-002   32854.003990023004     
  -3.1617149959835750E-002   5.5792069001335189E-002   2.7866052553131761E-002   25737.003990023004     
  -3.1625616146839362E-002   5.5790482306121339E-002   2.7868932458468648E-002   18620.003990023004     
  -3.1620788398554645E-002   5.5791387101289905E-002   2.7867290224716384E-002   11503.003990023004     
  -3.1623858848379989E-002   5.5790811651203559E-002   2.7868334686034672E-002   4386.0039900230040     
  -3.1618854566802738E-002   5.5791749531458747E-002   2.7866632401734138E-002   3673.0039900230040     
  -3.1617930061232202E-002   5.5791922798191847E-002   2.7866317916768781E-002   2960.0039900230040     
  -3.1617367625054189E-002   5.5792028207485474E-002   2.7866126595345094E-002   2109.0039900230040     
  -3.1618226333552574E-002   5.5791867272147772E-002   2.7866418698411832E-002   1396.0039900230040     
   3.4261450923191501E-002   6.8872530972905924E-002   8.4324697600018872E-002   1173000.0000000000     
   4.2896197220455519E-002   6.0101503011702508E-002   5.9550671253616863E-002   256744.39341167573     
   4.3185546498640294E-002   5.9807586951850601E-002   5.8720496701373977E-002   242007.06549997607     
   3.8144855620266281E-002   6.4927834740950138E-002   7.3182787117998582E-002   155304.78876299050     
   4.1187731968026359E-002   6.1836932864985948E-002   6.4452443896202027E-002   148187.78876299050     
   4.1386148182023005E-002   6.1635385060220434E-002   6.3883166196095909E-002   143953.28254330801     
   4.3535533400666265E-002   5.9452076228310592E-002   5.7716346210648577E-002   95587.803581633270     
   4.0974719722883926E-002   6.2053307069149306E-002   6.5063599197306476E-002   79008.553136565301     
   4.0911571681159685E-002   6.2117451772489812E-002   6.5244777797758891E-002   77741.945553943297     
   4.0893888228064931E-002   6.2135414322425288E-002   6.5295513548154202E-002   70624.945553943297     
   4.0776140949743696E-002   6.2255019998719262E-002   6.5633343297277436E-002   68732.894236741209     
   4.1152406664951541E-002   6.1872815705122826E-002   6.4553796033131355E-002   61615.894236741209     
   3.9663942185350833E-002   6.3384772527058930E-002   6.8824362528524002E-002   54498.894236741209     
   4.1415785416809500E-002   6.1605280062800014E-002   6.3798133745788965E-002   54498.894236741209     
   4.1296580276076050E-002   6.1726366610858015E-002   6.4140146260747613E-002   47381.894236741209     
   4.1302924832084295E-002   6.1719921919116773E-002   6.4121943039449236E-002   40264.894236741209     
   4.1164189685312304E-002   6.1860846714084324E-002   6.4519989266052361E-002   33147.894236741209     
   4.1053389152205758E-002   6.1973396005115811E-002   6.4837888047542536E-002   26030.894236741209     
   4.1210064906275150E-002   6.1814247447361345E-002   6.4388368267165499E-002   18913.894236741209     
   4.1182948195996300E-002   6.1841792138992525E-002   6.4466169058497239E-002   11796.894236741209     
   4.1179740237607530E-002   6.1845050728389091E-002   6.4475373040051021E-002   4679.8942367412092     
   4.1179934146039869E-002   6.1844853759512021E-002   6.4474816695666806E-002   4581.8942367412092     
   4.1179683371739648E-002   6.1845108491767428E-002   6.4475536194411376E-002   3730.8942367412092     
   4.1179722330537606E-002   6.1845068918085180E-002   6.4475424417382410E-002   3017.8942367412092     
   4.1179485404342492E-002   6.1845309583671702E-002   6.4476104184407163E-002   2919.8942367412092     
   4.1179471097727058E-002   6.1845324116087563E-002   6.4476145231643009E-002   2206.8942367412092     
   4.1179693193572231E-002   6.1845098514917471E-002   6.4475508014505356E-002   1493.8942367412092     
  -1.7226111699174390E-003   1.8056542880663135E-002  -3.6558344903554689E-002   1173000.0000000000     
  -1.0947035744305151E-003   1.6380166498212084E-002  -3.5219744714588108E-002   522280.45265801810     
  -2.4298857106462360E-002   7.8330197419085604E-002  -8.4687348747471886E-002   425015.39728916012     
   4.1196792812368309E-003   2.4589011223412893E-003  -2.4103500977278910E-002   168800.06583409800     
   6.2256271103342258E-004   1.1795439917386488E-002  -3.1558803214994748E-002   109453.00217153551     
   2.2809958979214248E-003   7.3677848828648182E-003  -2.8023284623863207E-002   102336.00217153551     
  -1.1078683108854167E-003   1.6415313474348079E-002  -3.5247809861168412E-002   95219.002171535511     
  -8.5540023869878814E-004   1.5741278765135164E-002  -3.4709587658465206E-002   88102.002171535511     
  -2.0222416217930490E-003   1.8856490861222111E-002  -3.7197109878502638E-002   80985.002171535511     
  -7.8903716015107169E-004   1.5564103814005826E-002  -3.4568112017586090E-002   80134.002171535511     
  -2.1706234438080094E-003   1.9252637975540807E-002  -3.7513436574366871E-002   78335.611958935100     
   2.4313397321911378E-004   1.2808431923641594E-002  -3.2367685578877800E-002   78335.611958935100     
  -7.0680656078160500E-004   1.5344566041746725E-002  -3.4392809319154095E-002   77484.611958935100     
  -4.2195512800302686E-004   1.4584074820029540E-002  -3.3785550887363479E-002   76633.611958935100     
  -5.9905778270108413E-004   1.5056900295846528E-002  -3.4163105879131753E-002   69516.611958935100     
  -2.9269835029283075E-004   1.4238987404329356E-002  -3.3509995776529210E-002   62399.611958935100     
  -4.1334900184368523E-004   1.4561098339506594E-002  -3.3767203980611650E-002   55282.611958935100     
   4.0840574524676635E-005   1.3348511193799380E-002  -3.2798943272948335E-002   54431.611958935100     
  -5.5455098696364157E-004   1.4938076854676074E-002  -3.4068224394001381E-002   47314.611958935100     
  -6.0824311273282726E-004   1.5081423124429756E-002  -3.4182687557398721E-002   40197.611958935100     
  -7.1863344475159296E-004   1.5376141243428912E-002  -3.4418022374754789E-002   35164.827105692799     
  -6.8636184678806493E-004   1.5289983112775848E-002  -3.4349224406004734E-002   28047.827105692799     
  -7.3755671316090685E-004   1.5426662244398100E-002  -3.4458363805326159E-002   20930.827105692799     
  -7.3062210780721443E-004   1.5408148359998384E-002  -3.4443580317909256E-002   13813.827105692799     
  -7.3030369356458669E-004   1.5407298263391791E-002  -3.4442901508848156E-002   6696.8271056927988     
  -7.2499089097192992E-004   1.5393114238775801E-002  -3.4431575449718456E-002   6635.8271056927988     
  -7.2578780428444024E-004   1.5395241823575784E-002  -3.4433274343502164E-002   5784.8271056927988     
  -7.2530631192683028E-004   1.5393956343956763E-002  -3.4432247877561127E-002   4933.8271056927988     
  -7.2598848901198510E-004   1.5395777608044699E-002  -3.4433702171762476E-002   4082.8271056927988     
  -7.2489796075609790E-004   1.5392866135360336E-002  -3.4431377337121365E-002   3984.8271056927988     
  -7.2494866201925203E-004   1.5393001496678979E-002  -3.4431485424236297E-002   3133.8271056927988     
  -7.2480059783159580E-004   1.5392606197579147E-002  -3.4431169774686902E-002   2420.8271056927988     
  -7.2486802657501892E-004   1.5392786217623156E-002  -3.4431313522157607E-002   1707.8271056927988     
  -1.7134373014239181E-002  -5.1847442398895764E-002  -6.0353175000596282E-002   1173000.0000000000     
  -1.3105770861280846E-002  -5.7681204824871962E-002  -6.8828874215905458E-002   673009.86564604915     
  -5.4792377413072479E-003  -6.8725080756649820E-002  -8.4874191754402570E-002   206451.79981290296     
  -8.3345976051834476E-003  -6.4590274078286367E-002  -7.8866854608958939E-002   126176.68466209807     
  -9.1912029729733190E-003  -6.3349835827308312E-002  -7.7064658917266049E-002   100175.73707441885     
  -6.0600195600102932E-003  -6.7884058728909527E-002  -8.3652295965702644E-002   93058.737074418852     
  -8.8041629801286370E-003  -6.3910303027066268E-002  -7.7878944974586944E-002   85941.737074418852     
  -7.8881329142839636E-003  -6.5236793352070180E-002  -7.9806163154862692E-002   74241.519887088289     
  -9.1308176196849226E-003  -6.3437279012740377E-002  -7.7191702510068266E-002   58572.960863557280     
  -8.6762736615060964E-003  -6.4095497760459336E-002  -7.8148008872271524E-002   58572.960863557280     
  -8.9333420326236021E-003  -6.3723240648093218E-002  -7.7607167630412630E-002   51455.960863557280     
  -8.8354472751541856E-003  -6.3865000677041664E-002  -7.7813126543098285E-002   44338.960863557280     
  -8.9396071521850810E-003  -6.3714168216092160E-002  -7.7593986564887932E-002   38202.213612570638     
  -8.9436579131184704E-003  -6.3708302365846195E-002  -7.7585464246237204E-002   31085.213612570638     
  -1.0275353589719587E-002  -6.1779892484198871E-002  -7.4783735117211578E-002   23968.213612570638     
  -8.9463769927664739E-003  -6.3704364904642166E-002  -7.7579743626438102E-002   16851.213612570638     
  -8.9582080127022876E-003  -6.3687232570164357E-002  -7.7554852569297436E-002   9734.2136125706384     
  -8.9436939521114200E-003  -6.3708250178284617E-002  -7.7585388424487464E-002   2617.2136125706384     
  -8.9442193173320823E-003  -6.3707489404257342E-002  -7.7584283118622185E-002   1891.2136125706384     
  -8.9439621103348417E-003  -6.3707861862112261E-002  -7.7584824251516901E-002   1178.2136125706384     
  -8.9438638214918414E-003  -6.3708004192810946E-002  -7.7585031039538621E-002   1117.2136125706384     
  -3.8871867691730030E-003   2.5049790881327055E-002   6.7083111617189439E-002   1173000.0000000000     
  -2.9783098331136711E-003   1.0747375904318967E-002   5.4316055224963002E-002   849076.79917320388     
  -3.5938924031902260E-003   2.0434405050444533E-002   6.2963185627803384E-002   620485.93765158730     
  -1.6901669854080890E-003  -9.5233041257301865E-003   3.6221424670022026E-002   226269.32915897964     
  -2.5286906888355516E-003   3.6720070309986504E-003   4.8000224398721612E-002   121067.52893920333     
  -2.4932901672119110E-003   3.1149316662533386E-003   4.7502950853809317E-002   113950.52893920333     
  -1.6497710149653297E-003  -1.0158989673188706E-002   3.5653979714385310E-002   101842.67890326574     
  -2.2486514231094181E-003  -7.3479176580824347E-004   4.4066493707892604E-002   101842.67890326574     
  -2.8058481799519090E-003   8.0334571841069527E-003   5.1893474604797415E-002   94725.678903265740     
  -3.4789188827060429E-003   1.8625140301729445E-002   6.1348144733489672E-002   94725.678903265740     
  -2.7096832978790670E-003   6.5201719470712469E-003   5.0542639938776543E-002   87608.678903265740     
  -2.5032020092959355E-003   3.2709079849912079E-003   4.7642183176489057E-002   87608.678903265740     
  -2.5319659876215173E-003   3.7235483129390654E-003   4.8046232744453347E-002   86468.536283607900     
  -2.3017151191382906E-003   1.0023767625167920E-004   4.4811883069974905E-002   79351.536283607900     
  -2.6537103058309301E-003   5.6393607744957682E-003   4.9756383496822390E-002   66878.037584664955     
  -2.6509490564145511E-003   5.5959087586713819E-003   4.9717596037692047E-002   59761.037584664955     
  -2.6950685541431347E-003   6.2901890732619302E-003   5.0337345635409599E-002   52644.037584664955     
  -2.6454677346199988E-003   5.5096527037338267E-003   4.9640599536099200E-002   51793.037584664955     
  -2.6466999651974972E-003   5.5290435281320736E-003   4.9657908763176037E-002   44676.037584664955     
  -2.6365332459104582E-003   5.3690563698832981E-003   4.9515096163018815E-002   37559.037584664955     
  -2.6372154713111898E-003   5.3797921146271684E-003   4.9524679429815213E-002   37559.037584664955     
  -2.6372833764732179E-003   5.3808606947262673E-003   4.9525633298263774E-002   30442.037584664955     
  -2.7010639736540190E-003   6.3845351551173072E-003   5.0421563702733860E-002   23325.037584664955     
  -2.6394246314871191E-003   5.4145562552200786E-003   4.9555711653680237E-002   16208.037584664955     
  -2.6375755876373091E-003   5.3854590349018605E-003   4.9529738008442223E-002   9091.0375846649549     
  -2.6373336488226171E-003   5.3816517985319137E-003   4.9526339477389124E-002   1974.0375846649549     
  -2.6372940079997277E-003   5.3810279962584707E-003   4.9525782640042738E-002   1248.0375846649549     
   3.9263803622266967E-002   3.3544705092544480E-002  -8.2204957969789341E-002   1173000.0000000000     
   3.9118805537284737E-002   3.4176018349906807E-002  -8.4438275536580162E-002   589256.25534660951     
   3.8253294627763730E-002   3.7944402681598391E-002  -9.7769215174294641E-002   307426.40807254525     
   4.1178551417619433E-002   2.5208004177774378E-002  -5.2713258904531948E-002   191404.09634218359     
   3.9921264717222349E-002   3.0682157594098959E-002  -7.2078483451003192E-002   154990.70689442870     
   3.9786953691986433E-002   3.1266940012789173E-002  -7.4147194717843784E-002   113726.18881094659     
   4.0202755533892014E-002   2.9456562894616688E-002  -6.7742851116026653E-002   106609.18881094659     
  -1.7024145713377303E-002  -2.9190638059539628E-002  -7.2891040407338112E-002   1173000.0000000000     
  -1.3382745218582470E-002  -3.3207035372476525E-002  -8.6756923577942194E-002   259687.82532418601     
   1.6396659504058723E-002   4.3979556883822185E-002   3.9460997587456297E-002   1173000.0000000000     
   1.6178942458105597E-002   4.7838355699128955E-002   4.4651773769225675E-002   1165883.0000000000     
   1.6894401356801911E-002   3.5157621682168204E-002   2.7593913213891246E-002   211773.29600519437     
   1.7260084808276840E-002   2.8676278601514098E-002   1.8875344846066018E-002   204656.29600519437     
   1.7128419845698288E-002   3.1009897447899296E-002   2.2014480547335128E-002   115955.80924869662     
   1.6636423799855256E-002   3.9729994445924177E-002   3.3744574280264741E-002   108838.80924869662     
   1.6726230626535377E-002   3.8138265718930843E-002   3.1603413789818638E-002   107987.80924869662     
   1.9611128131527343E-002  -1.2993417727394992E-002  -3.7177866932602097E-002   100870.80924869662     
   1.6525764367267486E-002   4.1691313025747904E-002   3.6382899379937342E-002   93753.809248696620     
   1.6554128369628263E-002   4.1188591806892633E-002   3.5706649216660412E-002   86636.809248696620     
   1.6300847169439019E-002   4.5677726734068502E-002   4.1745340470607281E-002   79519.809248696620     
   1.6616046330033656E-002   4.0091163026281774E-002   3.4230410768315657E-002   79421.809248696620     
   1.6580262909785478E-002   4.0725385390712583E-002   3.5083553546885519E-002   72304.809248696620     
   1.6674319915527768E-002   3.9058326843501780E-002   3.2841060943707666E-002   72304.809248696620     
   1.6641676451543679E-002   3.9636896884252926E-002   3.3619341370016348E-002   72304.809248696620     
   1.6691912666067312E-002   3.8746514396098830E-002   3.2421617302661097E-002   65187.809248696620     
   1.6679728747930660E-002   3.8962461147836608E-002   3.2712104396988094E-002   58070.809248696620     
   1.6663322613600522E-002   3.9253242108232902E-002   3.3103256917650696E-002   50953.809248696620     
   1.6638786904912588E-002   3.9688110968423514E-002   3.3688233494485055E-002   43836.809248696620     
   1.6636118041993823E-002   3.9735413672830802E-002   3.3751864111970641E-002   36719.809248696620     
   1.6636299754730553E-002   3.9732193011397784E-002   3.3747531744968313E-002   29602.809248696620     
   1.6641327977498951E-002   3.9643073209239640E-002   3.3627649634366569E-002   22485.809248696620     
   1.6636679382482956E-002   3.9725464520687211E-002   3.3738480718731562E-002   15368.809248696620     
   1.6636384921271431E-002   3.9730683526710379E-002   3.3745501217455190E-002   8251.8092486966198     
   1.6636306394443405E-002   3.9732075329679414E-002   3.3747373441960056E-002   1134.8092486966198     
   5.9923931422339229E-003   4.4503046389582135E-002  -8.3401893513858238E-002   1332000.0000000000     
   2.0194185831145954E-002   4.0541634881317033E-002  -4.3746744271132364E-002   297336.18821147311     
   1.7552380367897979E-002   4.1278533299280766E-002  -5.1123361590517592E-002   166908.48421675674     
   1.6973783740751813E-002   4.1439925553598753E-002  -5.2738955910432761E-002   159791.48421675674     
   1.6402175044105138E-002   4.1599368612564712E-002  -5.4335038086147189E-002   152674.48421675674     
   1.9860549540232520E-002   4.0634698529783839E-002  -4.4678344752759683E-002   113796.69186232190     
   1.9338853829563935E-002   4.0780218988878320E-002  -4.6135056712933886E-002   84914.262589178645     
   2.0427545175669519E-002   4.0476542226241266E-002  -4.3095143460095908E-002   84914.262589178645     
   2.0385488598927054E-002   4.0488273379536859E-002  -4.3212576509844808E-002   77797.262589178645     
   2.0024681210964401E-002   4.0588916063897286E-002  -4.4220045857620030E-002   75538.631293285449     
   1.9856100335322587E-002   4.0635939579552617E-002  -4.4690768105823599E-002   61511.329726935990     
   1.9707137965749962E-002   4.0677490759607811E-002  -4.5106710313004561E-002   54394.329726935990     
   1.9914271287053396E-002   4.0619713523963659E-002  -4.4528339472832940E-002   47277.329726935990     
   1.9934740062238145E-002   4.0614004016484351E-002  -4.4471185256281062E-002   40160.329726935990     
   1.9947109205105822E-002   4.0610553799601407E-002  -4.4436647348485424E-002   33043.329726935990     
   1.9949476739176408E-002   4.0609893405739950E-002  -4.4430036569201227E-002   32192.329726935990     
   2.0110365706235291E-002   4.0565015451271738E-002  -4.3980792157598932E-002   25075.329726935990     
   2.0283592305415151E-002   4.0516696069447182E-002  -4.3497097824513060E-002   24224.329726935990     
   1.9941375876197882E-002   4.0612153039613852E-002  -4.4452656314288699E-002   17107.329726935990     
   1.9944549939133745E-002   4.0611267674666093E-002  -4.4443793493785362E-002   9990.3297269359900     
   1.9944289728250745E-002   4.0611340257220213E-002  -4.4444520071170758E-002   9277.3297269359900     
   1.9945595481384169E-002   4.0610976033801170E-002  -4.4440874064183171E-002   9179.3297269359900     
   1.9945866012753753E-002   4.0610900572477078E-002  -4.4440118669278411E-002   2062.3297269359900     
   1.9945682892450679E-002   4.0610951651583210E-002  -4.4440629989441073E-002   2062.3297269359900     
   1.9945464187533884E-002   4.0611012656569925E-002  -4.4441240671226505E-002   1349.3297269359900     
   9.1733711658467929E-002  -2.5062348463178820E-002   9.9267761804347154E-002   1173000.0000000000     
   2.9573929132453332E-002   8.4975138574691675E-002  -5.7770345359664008E-002   1173000.0000000000     
   2.8954025986999928E-002   8.4796866751425864E-002  -5.5966067370459359E-002   557793.83195036510     
   2.0592374687190673E-002   8.2392222036097668E-002  -3.1628808390081781E-002   177143.87769447756     
   1.5626969188530328E-002   8.0964270108457775E-002  -1.7176596113991721E-002   177143.87769447756     
   2.0891844913017276E-002   8.2478343720692252E-002  -3.2500440581084589E-002   124633.58890834246     
   2.0741827345331431E-002   8.2435201650016526E-002  -3.2063802378238221E-002   111205.38249164855     
   1.8128305390463624E-002   8.1683604682882716E-002  -2.4456936415294814E-002   104088.38249164855     
   1.8488116957288966E-002   8.1787079337787338E-002  -2.5504196935015787E-002   103990.38249164855     
   1.8990412306236555E-002   8.1931529496383201E-002  -2.6966167968447356E-002   80191.399893138339     
   2.0826935452140906E-002   8.2459677049902633E-002  -3.2311516371860402E-002   73074.399893138339     
   2.0690993810643016E-002   8.2420582935821551E-002  -3.1915847284891025E-002   72223.399893138339     
   2.1052265451085107E-002   8.2524477478877520E-002  -3.2967357466367447E-002   65106.399893138339     
   2.0519591999283465E-002   8.2371291181704415E-002  -3.1416968520016159E-002   57989.399893138339     
   2.0827130322721699E-002   8.2459733090808368E-002  -3.2312083558367274E-002   50872.399893138339     
   2.0502522507951745E-002   8.2366382335275351E-002  -3.1367286391892388E-002   43755.399893138339     
   2.1130590154144469E-002   8.2547002106673900E-002  -3.3195327817506150E-002   36638.399893138339     
   2.1137139189382304E-002   8.2548885479037867E-002  -3.3214389311574721E-002   29521.399893138339     
   2.1078465130153129E-002   8.2532011985825410E-002  -3.3043613740615069E-002   22404.399893138339     
   2.1117635802547094E-002   8.2543276692638778E-002  -3.3157623134729509E-002   15287.399893138339     
   2.1121645243994579E-002   8.2544429728306307E-002  -3.3169292936707062E-002   8170.3998931383394     
   2.1122626079692744E-002   8.2544711797157735E-002  -3.3172147737935608E-002   1053.3998931383394     
  -8.1394729277681446E-002  -7.2929635440713960E-003  -2.0212581208301786E-002   1173000.0000000000     
  -7.8825972721385223E-002   9.3692885444662914E-003  -4.7224966530859898E-002   808143.82450489851     
  -8.1138394829907146E-002  -5.6302488826439363E-003  -2.2908128537515615E-002   568112.47232144396     
  -8.1234886822519448E-002  -6.2561446692612861E-003  -2.1893443483536380E-002   282936.92151267547     
  -8.1370357341371324E-002  -7.1348748588319095E-003  -2.0468870241628995E-002   142521.25742193862     
  -8.1406372622263856E-002  -7.3684881562072245E-003  -2.0090142782000869E-002   118586.23223801333     
  -8.1280154145061956E-002  -6.5497713804916072E-003  -2.1417423926119814E-002   89874.550812433110     
  -8.1427947300178688E-002  -7.5084324110510012E-003  -1.9863269000747800E-002   82757.550812433110     
  -8.1430349037542427E-002  -7.5240112923221619E-003  -1.9838012946430842E-002   75640.550812433110     
  -8.1747915059461662E-002  -9.5839048618404331E-003  -1.6498570083147975E-002   75640.550812433110     
  -8.1447183082690555E-002  -7.6332054093125948E-003  -1.9660990443864629E-002   75640.550812433110     
  -8.1453434341578368E-002  -7.6737542309609722E-003  -1.9595253808209284E-002   68523.550812433110     
  -8.1478120670641405E-002  -7.8338822263448460E-003  -1.9335658701302126E-002   58532.303168557439     
  -8.1541931351764449E-002  -8.2477905245864659E-003  -1.8664641939528465E-002   57681.303168557439     
  -8.1572356248784145E-002  -8.4451417693618032E-003  -1.8344701523345160E-002   56830.303168557439     
  -8.1500670689896082E-002  -7.9801530376064148E-003  -1.9098528480594519E-002   49713.303168557439     
  -8.1526274422196524E-002  -8.1462317736203486E-003  -1.8829286196463076E-002   42596.303168557439     
  -8.1467865276201076E-002  -7.7673605596601412E-003  -1.9443501799776320E-002   35479.303168557439     
  -8.1464391256838964E-002  -7.7448263159108728E-003  -1.9480033696657559E-002   28362.303168557439     
  -8.1483948624317890E-002  -7.8716852766494601E-003  -1.9274373434714494E-002   21245.303168557439     
  -8.1471968307676487E-002  -7.7939748935886921E-003  -1.9400355372789068E-002   14128.303168557439     
  -8.1471308356210137E-002  -7.7896941151429757E-003  -1.9407295253199095E-002   7011.3031685574388     
  -8.1471526045331685E-002  -7.7911061567049562E-003  -1.9405006090211945E-002   6298.3031685574388     
  -8.1474157735292499E-002  -7.8081766266327509E-003  -1.9377331913343385E-002   6237.3031685574388     
  -8.1470763732297322E-002  -7.7861614094427980E-003  -1.9413022378625917E-002   5386.3031685574388     
  -8.1470554136083104E-002  -7.7848018625642033E-003  -1.9415226438674556E-002   4535.3031685574388     
  -8.1470354510344720E-002  -7.7835069892262174E-003  -1.9417325651755944E-002   3684.3031685574388     
  -8.1470146182240244E-002  -7.7821556679477039E-003  -1.9419516376687710E-002   2971.3031685574388     
  -8.1470126850466368E-002  -7.7820302723009783E-003  -1.9419719664665179E-002   2258.3031685574388     
  -8.1470181056133822E-002  -7.7823818776306571E-003  -1.9419149651764382E-002   1407.3031685574388     
   3.4980174571609533E-002   6.2481599122104291E-002   1.8650350026006415E-002   1173000.0000000000     
  -2.4651104305954314E-002   9.8201018658304190E-003   7.6957672688699238E-003   346744.49586542690     
   9.7194308011180289E-003   4.0173364017965230E-002   1.4009817182348337E-002   274714.13940588507     
   1.3513380933337185E-002   4.3523872312253575E-002   1.4706785979297633E-002   247880.06021195420     
   1.5684727371660937E-002   4.5441428947907571E-002   1.5105673856612312E-002   131172.56164215948     
   1.7054431576288647E-002   4.6651040339305179E-002   1.5357295796386566E-002   124055.56164215948     
   1.5275029409128570E-002   4.5079617017392076E-002   1.5030410164126260E-002   116938.56164215948     
   3.7501582115869788E-003   3.4901787791317945E-002   1.2913230092271227E-002   109821.56164215948     
   7.5247951354312018E-003   3.8235240230206399E-002   1.3606650950228918E-002   102704.56164215948     
   4.4987121395002452E-002   7.1318920953919979E-002   2.0488679325436666E-002   95587.561642159475     
   1.9004680462698081E-002   4.8373341593175211E-002   1.5715566878699773E-002   88470.561642159475     
   1.7336661198289298E-002   4.6900282595121003E-002   1.5409142877464090E-002   88470.561642159475     
   1.6005095945352630E-002   4.5724352425015977E-002   1.5164527265751787E-002   81353.561642159475     
   1.7625136926154906E-002   4.7155040903804735E-002   1.5462137401375231E-002   74236.561642159475     
   1.8025820953984625E-002   4.7508892460057822E-002   1.5535745186164414E-002   67119.561642159475     
   1.8335045872445214E-002   4.7781974766887413E-002   1.5592551446630510E-002   67119.561642159475     
   1.8020607020227168E-002   4.7504287937675763E-002   1.5534787358830984E-002   60002.561642159475     
   1.7711144564767200E-002   4.7230995857480973E-002   1.5477937461556042E-002   59151.561642159475     
   1.8056712450299706E-002   4.7536173318007878E-002   1.5541420118167299E-002   58438.561642159475     
   1.8316798783065844E-002   4.7765860421104894E-002   1.5589199359362793E-002   51321.561642159475     
   1.7717545650887595E-002   4.7236648776310008E-002   1.5479113375086010E-002   44204.561642159475     
   1.8436063293311475E-002   4.7871185139898312E-002   1.5611108883559944E-002   37087.561642159475     
   1.8433291749343633E-002   4.7868737537602915E-002   1.5610599736207544E-002   29970.561642159475     
   1.8194432791814083E-002   4.7657796726449000E-002   1.5566720076626316E-002   22853.561642159475     
   1.8419897603917372E-002   4.7856908917357097E-002   1.5608139160528219E-002   15736.561642159475     
   1.8422207443229852E-002   4.7858948779639213E-002   1.5608563490282345E-002   8619.5616421594750     
   1.8426002131247142E-002   4.7862299939573603E-002   1.5609260594632702E-002   1502.5616421594750     
   1.0078845450263446E-002   1.0361556438434467E-002   1.3726216534966036E-002   1173000.0000000000     
   5.5711012552343547E-003   9.7364246942642420E-003  -1.2180542362688189E-002   210034.53350571214     
   6.0839952350298177E-003   9.8075525786986608E-003  -9.2328549829845917E-003   165796.81531264682     
   6.3426507493647335E-003   9.8434227979967599E-003  -7.7463185342631132E-003   143082.68539883065     
   6.4001840656370840E-003   9.8514014899529039E-003  -7.4156649548310924E-003   135965.68539883065     
   6.5012250552838732E-003   9.8654138046180163E-003  -6.8349655086543688E-003   129187.96538160979     
   6.6470733772667273E-003   9.8856399780566043E-003  -5.9967508385752755E-003   87967.743051098834     
   5.8289568216254020E-003   9.7721839771755907E-003  -1.0698603348429678E-002   65883.882215673715     
   6.1325068391499147E-003   9.8142801440581889E-003  -8.9540506903488838E-003   58766.882215673715     
   6.2881419450661630E-003   9.8358635438710769E-003  -8.0595897381436979E-003   58759.012215673712     
   6.1524821196241759E-003   9.8170503061132883E-003  -8.8392494166363300E-003   51642.012215673712     
   6.3169944207505423E-003   9.8398647909844553E-003  -7.8937697406425283E-003   44525.012215673712     
   6.2607570939794410E-003   9.8320658262138587E-003  -8.2169750519186513E-003   42112.858247963835     
   6.3290573330264995E-003   9.8415376697159399E-003  -7.8244421687094518E-003   36567.533719404055     
   6.3295520731410076E-003   9.8416062800312804E-003  -7.8215988146261173E-003   29450.533719404055     
   6.3705526839836629E-003   9.8472922245434781E-003  -7.5859614550508915E-003   22333.533719404055     
   6.3362481486838795E-003   9.8425348884886611E-003  -7.7831153499164423E-003   15216.533719404055     
   6.3319995255249409E-003   9.8419456915221169E-003  -7.8075328969340763E-003   8099.5337194040549     
  -2.2374086905883640E-003   2.8192511546547001E-003   4.3531293666129775E-002   1332000.0000000000     
  -2.3539590905744881E-003   7.0679412227195038E-003   5.3360730289559413E-002   551384.76474195987     
  -1.9066054971665907E-003  -9.2397399988938030E-003   1.5632556081749276E-002   179659.54165980514     
  -2.0907101841286034E-003  -2.5284481022309945E-003   3.1159275447662269E-002   108701.93293435469     
  -2.1162794830632886E-003  -1.5963532621951764E-003   3.3315697076536449E-002   77218.263661898032     
  -2.1126646013280986E-003  -1.7281289757693757E-003   3.3010831105064260E-002   70101.263661898032     
  -2.1211199763167344E-003  -1.4198995081720458E-003   3.3723926663621062E-002   69250.263661898032     
  -2.1502416040566001E-003  -3.5830923856354664E-004   3.6179938777472241E-002   57377.913368462738     
  -2.1383433684703424E-003  -7.9204361758624504E-004   3.5176484884223654E-002   50260.913368462738     
  -2.1352925956759044E-003  -9.0325548878696354E-004   3.4919193808097125E-002   50260.913368462738     
  -2.1364063246657730E-003  -8.6265597734528385E-004   3.5013121658390989E-002   43143.913368462738     
  -2.1493531812994660E-003  -3.9069551046760757E-004   3.6105012434987781E-002   42292.913368462738     
  -2.1348976509611229E-003  -9.1765267393027685E-004   3.4885885608003715E-002   35175.913368462738     
  -2.1345518527638827E-003  -9.3025828803666082E-004   3.4856722246362104E-002   28058.913368462738     
  -2.1352234147676437E-003  -9.0577738693456292E-004   3.4913359342034538E-002   20941.913368462738     
  -2.1353086197974523E-003  -9.0267135071384075E-004   3.4920545224198823E-002   13824.913368462738     
  -2.1352720338012913E-003  -9.0400504462256025E-004   3.4917459694414156E-002   6707.9133684627377     
  -2.1351947058419469E-003  -9.0682393269920863E-004   3.4910938135709224E-002   5981.9133684627377     
  -2.1352299368671860E-003  -9.0553963245624354E-004   3.4913909392176853E-002   5268.9133684627377     
  -2.1351440429680521E-003  -9.0867078049348146E-004   3.4906665413280406E-002   4542.9133684627377     
  -2.1352259736890319E-003  -9.0568410485327702E-004   3.4913575152152813E-002   3691.9133684627377     
  -2.1351322552097592E-003  -9.0910048756947517E-004   3.4905671276640064E-002   2978.9133684627377     
  -2.1351259848125634E-003  -9.0932906657300043E-004   3.4905142454157698E-002   2265.9133684627377     
  -2.1351442714782078E-003  -9.0866245045918836E-004   3.4906684684995415E-002   1539.9133684627377     
   5.4631133111932094E-002  -2.9546770682186894E-002  -8.3289358723746931E-002   1173000.0000000000     
   7.4767295240161097E-002  -3.1172256144692791E-002  -7.9480754340131049E-002   428955.41459557990     
   8.8424506782372930E-002  -3.2274730324174661E-002  -7.6897594976574016E-002   161600.87341348344     
   8.3205873587761214E-002  -3.1853457772932137E-002  -7.7884660393256255E-002   133458.58513377965     
   6.9236255571564667E-002  -3.0725764677421434E-002  -8.0526909103567218E-002   93877.981960695659     
   8.4907890717695222E-002  -3.1990852579550484E-002  -7.7562736589664685E-002   86760.981960695659     
   8.3758133026890461E-002  -3.1898038745419334E-002  -7.7780204653013080E-002   79643.981960695659     
   8.4247490698860089E-002  -3.1937541992199274E-002  -7.7687646311321593E-002   72526.981960695659     
   8.5650963475001701E-002  -3.2050836898155695E-002  -7.7422189938182603E-002   65409.981960695659     
   8.3764060029196757E-002  -3.1898517200848117E-002  -7.7779083604879784E-002   58292.981960695659     
   8.6038471226589641E-002  -3.2082118341600747E-002  -7.7348895746767940E-002   51175.981960695659     
   8.5564244857353700E-002  -3.2043836564555984E-002  -7.7438592115777916E-002   44058.981960695659     
   8.6093769798160316E-002  -3.2086582301694686E-002  -7.7338436435765642E-002   36941.981960695659     
   8.6100937629610477E-002  -3.2087160922672490E-002  -7.7337080694085167E-002   29824.981960695659     
   8.5572679574208124E-002  -3.2044517454466383E-002  -7.7436996752203585E-002   22707.981960695659     
   8.6055836552960993E-002  -3.2083520152203407E-002  -7.7345611225233021E-002   15590.981960695659     
   8.6081485070303679E-002  -3.2085590620836400E-002  -7.7340760000110656E-002   8473.9819606956589     
   8.6092471519680080E-002  -3.2086477498565739E-002  -7.7338681995424916E-002   1356.9819606956589     
  -5.9851791601199647E-002  -1.9149261767269332E-002   3.6750246218906955E-002   1173000.0000000000     
   3.8459004744227627E-004   7.1103387552616637E-002  -4.0372987197820870E-002   1173000.0000000000     
  -2.0707763169252190E-003   6.7853930298424917E-002  -2.8162690022380803E-002   212005.71453468295     
  -1.3811949254886504E-003   6.8766529447487706E-002  -3.1591910947732595E-002   191337.21346099401     
  -1.2464221669430942E-004   7.0429464304835501E-002  -3.7840624872318526E-002   190486.21346099401     
  -1.3080787766840593E-004   7.0421304605301480E-002  -3.7809963642341092E-002   121633.30277159739     
   6.7308638856601567E-004   7.1485186595756089E-002  -4.1807651331967469E-002   121633.30277159739     
   1.1314692575255173E-004   7.0744156916539097E-002  -3.9023127058755845E-002   114516.30277159739     
  -1.3917548596834327E-004   7.0410230825891193E-002  -3.7768352343321675E-002   93827.639567819526     
  -4.8098230866955224E-004   6.9957880139787043E-002  -3.6068580389799036E-002   86710.639567819526     
  -5.4952562369653727E-004   6.9867169207409277E-002  -3.5727721177090513E-002   79593.639567819526     
  -8.7978550416247130E-005   7.0477985380175384E-002  -3.8022949704690993E-002   75998.373361861872     
   2.8151777405963703E-004   7.0966980639452976E-002  -3.9860418846794185E-002   59544.392758373804     
   1.1017893600979139E-004   7.0740229048201431E-002  -3.9008367535574837E-002   52427.392758373804     
   9.2932711495581754E-005   7.0717405216219206E-002  -3.8922603745075446E-002   45310.392758373804     
  -7.1896455627623227E-005   7.0499268590832609E-002  -3.8102924391736639E-002   38193.392758373804     
  -7.2073521719111231E-005   7.0499034259734902E-002  -3.8102043859353313E-002   31076.392758373804     
  -7.7512207107954118E-006   7.0584159058482240E-002  -3.8421912381508438E-002   23959.392758373804     
  -6.7563999948589890E-005   7.0505002207509535E-002  -3.8124469270785291E-002   16842.392758373804     
  -6.8330825599200798E-005   7.0503987382508584E-002  -3.8120655921701586E-002   9725.3927583738041     
  -6.8867390373028800E-005   7.0503277287134639E-002  -3.8117987637474274E-002   2608.3927583738041     
  -6.8636960440767076E-005   7.0503582240491428E-002  -3.8119133543027053E-002   1895.3927583738041     
  -6.8853160802122688E-005   7.0503296118696018E-002  -3.8118058399740945E-002   1044.3927583738041     
   2.0791605338573847E-002   5.8887549790060743E-002   1.0880410426751617E-002   1173000.0000000000     
   4.4977243207839149E-002   5.5588655472929613E-002  -2.7553654336884007E-002   297480.58370241831     
   4.9787179031434564E-002   5.4932585534233129E-002  -3.5197256128669738E-002   191223.16546461522     
   3.8295666262503282E-002   5.6500015195323092E-002  -1.6935775973353610E-002   191223.16546461522     
   3.8946058367342051E-002   5.6411302429914247E-002  -1.7969332020717425E-002   184106.16546461522     
   3.9438804826100668E-002   5.6344092356672759E-002  -1.8752369020210723E-002   176989.16546461522     
   4.1847376750914232E-002   5.6015565803926089E-002  -2.2579897152673035E-002   169872.16546461522     
   3.7611889310336155E-002   5.6593281617068204E-002  -1.5849167143537735E-002   139134.75356200305     
   3.2831796713251038E-002   5.7245280972599927E-002  -8.2529900467984089E-003   120534.84407840650     
   5.5207807763976630E-002   5.4193217756640419E-002  -4.3811326879761942E-002   99430.764196189048     
  -8.6544461258711430E-002  -7.7443865330785282E-003   3.5751619137953869E-002   1173000.0000000000     
  -6.0564141871688813E-002  -3.7837944965919662E-002   5.2453376296761271E-002   348255.22125940595     
  -6.6725503114492088E-002  -3.0701108739080947E-002   4.8492471978687710E-002   188274.74398040381     
  -6.6249966178920011E-002  -3.1251933320735670E-002   4.8798176550662126E-002   119143.12399179302     
  -6.5963731848506138E-002  -3.1583484654631032E-002   4.8982185692577222E-002   81435.235665212022     
  -6.5998979103200045E-002  -3.1542657007251992E-002   4.8959526575895765E-002   78751.076597192427     
  -6.7585129863124885E-002  -2.9705384729493287E-002   4.7939850704522322E-002   71634.076597192427     
  -6.6052728293833754E-002  -3.1480398172594952E-002   4.8924973269753765E-002   64517.076597192427     
  -6.5548733817756485E-002  -3.2064185730773964E-002   4.9248972109930747E-002   57400.076597192427     
  -6.5475716736478909E-002  -3.2148762974390135E-002   4.9295912008620067E-002   57400.076597192427     
  -6.5482530225344213E-002  -3.2140870764820070E-002   4.9291531876307706E-002   50283.076597192427     
  -6.5504000930508663E-002  -3.2116000788787999E-002   4.9277729178259878E-002   49432.076597192427     
  -6.5695935711951065E-002  -3.1893678635061255E-002   4.9154341622386299E-002   42315.076597192427     
  -6.5446392793491681E-002  -3.2182729523400615E-002   4.9314763253957568E-002   35198.076597192427     
  -6.5371498975809433E-002  -3.2269480630848717E-002   4.9362909634954322E-002   28081.076597192427     
  -6.5492247518446498E-002  -3.2129615016827665E-002   4.9285284998922652E-002   20964.076597192427     
  -6.5455087110483201E-002  -3.2172658710470252E-002   4.9309174008925934E-002   13847.076597192427     
  -6.5462862935782726E-002  -3.2163651806069699E-002   4.9304175227197072E-002   6730.0765971924266     
  -6.5480035124646355E-002  -3.2143760893210270E-002   4.9293135881451816E-002   5879.0765971924266     
  -6.5454889551596868E-002  -3.2172887547144702E-002   4.9309301012004494E-002   5781.0765971924266     
  -6.5455106873210642E-002  -3.2172635818881273E-002   4.9309161304221673E-002   5068.0765971924266     
  -6.5455373416371768E-002  -3.2172327076249022E-002   4.9308989953782016E-002   4355.0765971924266     
  -6.5457474546660399E-002  -3.2169893292192171E-002   4.9307639217198794E-002   3642.0765971924266     
  -6.5454458628120049E-002  -3.2173386695004927E-002   4.9309578036284170E-002   2929.0765971924266     
  -6.5454375019795674E-002  -3.2173483540311465E-002   4.9309631784889389E-002   2078.0765971924266     
  -6.5454539729332448E-002  -3.2173292753739688E-002   4.9309525899405689E-002   1227.0765971924266     
   5.7993601643428996E-002  -1.4602851589681368E-002  -8.7886620824581596E-002   1173000.0000000000     
  -5.3130561401232540E-002   7.7942747615867697E-002   1.2691366423962715E-002   1173000.0000000000     
  -2.9797452483273590E-002   7.2343924968542056E-002   5.6900691314773020E-003   223545.51082475708     
  -3.6880774231985269E-002   7.4043581125140076E-002   7.8154799181593959E-003   168952.98464313184     
  -3.6642964561039826E-002   7.3986518254687453E-002   7.7441231087787277E-003   102289.24907021117     
  -2.3612204843878184E-002   7.0859763355765687E-002   3.8341331006931561E-003   100990.53426186234     
  -4.3924980545802794E-002   7.5733851460778046E-002   9.9291537867401899E-003   85127.601513421323     
  -4.4907216452633458E-002   7.5969540783598938E-002   1.0223882004023847E-002   78010.601513421323     
  -4.2354394854952425E-002   7.5356986518930094E-002   9.4578862251121897E-003   78010.601513421323     
  -4.3285766238715426E-002   7.5580470805349798E-002   9.7373521107070298E-003   70893.601513421323     
  -4.2134694048971973E-002   7.5304268904124283E-002   9.3919631343026382E-003   63776.601513421323     
  -4.5436912478242969E-002   7.6096642324795558E-002   1.0382821790529783E-002   62925.601513421323     
  -4.2767863755941882E-002   7.5456199146572811E-002   9.5819510767872432E-003   55808.601513421323     
  -4.2537955537570608E-002   7.5401032244281768E-002   9.5129651652885797E-003   48691.601513421323     
  -4.1279695041739367E-002   7.5099110310729536E-002   9.1354134282406220E-003   41136.344974850035     
  -4.2120437546169225E-002   7.5300848029904541E-002   9.3876853496823297E-003   34019.344974850035     
  -4.2145004670552745E-002   7.5306742956845557E-002   9.3950569237848322E-003   26902.344974850035     
  -4.2112764963225087E-002   7.5299006979434063E-002   9.3853831260745785E-003   26051.344974850035     
  -4.2092840120595131E-002   7.5294225976587290E-002   9.3794045079980595E-003   18934.344974850035     
  -4.2092667096727800E-002   7.5294184459190255E-002   9.3793525907187036E-003   11817.344974850035     
  -4.2095443849149733E-002   7.5294850746070438E-002   9.3801857788412962E-003   4700.3449748500352     
  -4.2092818409566322E-002   7.5294220766985762E-002   9.3793979934196654E-003   3974.3449748500352     
  -4.2096359085304437E-002   7.5295070358678801E-002   9.3804604032145193E-003   3123.3449748500352     
  -4.2097897550845066E-002   7.5295439516331178E-002   9.3809220328525608E-003   2272.3449748500352     
  -4.2097589127407978E-002   7.5295365509556914E-002   9.3808294877835499E-003   1421.3449748500352     
  -4.2097720169250785E-002   7.5295396953289503E-002   9.3808688080002645E-003   1360.3449748500352     
   7.8121459611434255E-002   4.8540580432753062E-002  -2.4156551727264833E-002   1332000.0000000000     
   8.0421528556483268E-002   4.5607336617823943E-002  -1.4160936682423990E-002   234862.96081017831     
   8.1658782547397141E-002   4.4029484952048281E-002  -8.7840915089396499E-003   180272.67767283434     
   7.8474651350543490E-002   4.8090160245803343E-002  -2.2621654841346248E-002   117577.56744323160     
   7.8517249026962443E-002   4.8035836060802188E-002  -2.2436534314326791E-002   110460.56744323160     
   7.8555845869793944E-002   4.7986614079541599E-002  -2.2268800567162267E-002   103343.56744323160     
   7.6765497597293050E-002   5.0269818680076017E-002  -3.0049276959678992E-002   96226.567443231601     
   7.8695634574315027E-002   4.7808343617773037E-002  -2.1661308308716095E-002   72224.274856851320     
   7.8801580745556155E-002   4.7673232036801780E-002  -2.1200888569785799E-002   65107.274856851320     
   7.8432208090041269E-002   4.8144287506475911E-002  -2.2806104309324705E-002   57990.274856851320     
   7.8326119311438375E-002   4.8279580952500734E-002  -2.3267143789804004E-002   57990.274856851320     
   7.8209617001237297E-002   4.8428154620936990E-002  -2.3773438284632617E-002   50873.274856851320     
   7.8359380334465600E-002   4.8237163663104765E-002  -2.3122598391330903E-002   50814.274856851320     
   7.7939544477017994E-002   4.8772574105819741E-002  -2.4947116574622806E-002   43697.274856851320     
   7.8204665723861311E-002   4.8434468911545715E-002  -2.3794955492948133E-002   42846.274856851320     
   7.8355123257026746E-002   4.8242592650828829E-002  -2.3141098752977176E-002   42846.274856851320     
   7.8404176816189289E-002   4.8180035374307408E-002  -2.2927922319712673E-002   42120.274856851320     
   7.8426606954601089E-002   4.8151430551436315E-002  -2.2830445663871764E-002   35003.274856851320     
   7.8427380061575291E-002   4.8150444619577515E-002  -2.2827085903844042E-002   27886.274856851320     
   7.8418239790423519E-002   4.8162101071824483E-002  -2.2866807596550322E-002   20769.274856851320     
   7.8419261463505252E-002   4.8160798147295063E-002  -2.2862367620588454E-002   13652.274856851320     
   7.8422360818662717E-002   4.8156845585627078E-002  -2.2848898476062172E-002   6535.2748568513198     
   7.8422691041958537E-002   4.8156424456755227E-002  -2.2847463395191676E-002   5684.2748568513198     
   7.8421216329677676E-002   4.8158305135456610E-002  -2.2853872184064383E-002   4833.2748568513198     
   7.8421193132537176E-002   4.8158334718425864E-002  -2.2853972993949673E-002   4120.2748568513198     
   7.8422331364444098E-002   4.8156883148155270E-002  -2.2849026477890721E-002   3394.2748568513198     
   7.8422776817992992E-002   4.8156315067850584E-002  -2.2847090630617722E-002   2668.2748568513198     
   7.8422669391600294E-002   4.8156452067136028E-002  -2.2847557483087234E-002   1817.2748568513198     
   7.8422709172333155E-002   4.8156401335357368E-002  -2.2847384604403425E-002   1104.2748568513198     
   3.4324021376224763E-002  -2.7630646614779715E-002   2.9293092287864291E-002   1173000.0000000000     
   3.3479569075820628E-002  -2.7343082168171995E-002   3.3283502180544447E-002   419921.64062447753     
   3.4981497301968548E-002  -2.7854539309078646E-002   2.6186228303916977E-002   269672.56983891805     
   3.5578455805600720E-002  -2.8057823783124842E-002   2.3365335854132266E-002   133717.19394761280     
   3.5709722653700690E-002  -2.8102524565529894E-002   2.2745042050694938E-002   133717.19394761280     
   3.5002286984122388E-002  -2.7861618895978768E-002   2.6087987878385937E-002   126600.19394761280     
   3.5509950622951383E-002  -2.8034495461408047E-002   2.3689053082936010E-002   88901.539338166578     
   3.5271530771995865E-002  -2.7953305472977075E-002   2.4815692126264947E-002   81784.539338166578     
   3.5224876376018024E-002  -2.7937418079983102E-002   2.5036154742279965E-002   72906.886828034170     
   3.5754820228828768E-002  -2.8117881808596021E-002   2.2531936100434809E-002   65789.886828034170     
   3.5817756849481665E-002  -2.8139313847422544E-002   2.2234532785238705E-002   58672.886828034170     
   3.5904116583405241E-002  -2.8168722245129601E-002   2.1826444919988117E-002   51555.886828034170     
   3.5912500166824450E-002  -2.8171577137614801E-002   2.1786828787500708E-002   44438.886828034170     
   3.5682274576011072E-002  -2.8093177570717415E-002   2.2874746334400842E-002   41186.787574392954     
   3.5927947586215252E-002  -2.8176837504134626E-002   2.1713832911802403E-002   34069.787574392954     
   3.5941413063565013E-002  -2.8181422952644315E-002   2.1650202587152407E-002   26952.787574392954     
   3.5923329936590420E-002  -2.8175265038930423E-002   2.1735653344685399E-002   19835.787574392954     
   3.5924511307134366E-002  -2.8175667335385231E-002   2.1730070847363503E-002   12718.787574392954     
   3.5918915359493903E-002  -2.8173761726760914E-002   2.1756514170228201E-002   5601.7875743929544     
   3.5924502580905057E-002  -2.8175664363810280E-002   2.1730112082649088E-002   4750.7875743929544     
   3.5924066758070909E-002  -2.8175515951458206E-002   2.1732171537929154E-002   4037.7875743929544     
   3.5923892085636865E-002  -2.8175456469612031E-002   2.1732996942287048E-002   3939.7875743929544     
   3.5924544286500715E-002  -2.8175678565970110E-002   2.1729915005299145E-002   3226.7875743929544     
   3.5924606990035475E-002  -2.8175699918635340E-002   2.1729618703417702E-002   2513.7875743929544     
   3.5924609463658830E-002  -2.8175700760987396E-002   2.1729607014455400E-002   2452.7875743929544     
   3.5924567967878948E-002  -2.8175686630276905E-002   2.1729803100333157E-002   1739.7875743929544     
   3.5924575701354648E-002  -2.8175689263785820E-002   2.1729766556246612E-002   1026.7875743929544     
   8.7875870720599603E-002   3.2541706350958058E-002  -9.6545762876552643E-002   1332000.0000000000     
   2.1313186675105154E-002  -5.4526836918791045E-002   3.0728857826839980E-002   1173000.0000000000     
   2.9722729333436948E-002  -6.6323813737904511E-002   3.5157214986609162E-002   482550.48758594558     
   3.6573734893662814E-002  -7.5934461672668013E-002   3.8764866526872943E-002   462699.77549715800     
   3.9978975565406270E-002  -8.0711361784858979E-002   4.0558022530964570E-002   171971.64099498928     
  -7.1144670221592099E-002   1.9684609061372128E-002   6.1840205202178138E-002   1173000.0000000000     
  -4.9202723445974955E-002   2.5798398733268637E-002   5.9253389350453302E-002   953156.42998354358     
  -6.7814436239346354E-002   2.0612528098541524E-002   6.1447591814527455E-002   395446.89083860436     
  -6.6911525758944809E-002   2.0864110368163123E-002   6.1341144416433013E-002   245625.24545084088     
  -6.7187030737576800E-002   2.0787345097052903E-002   6.1373624699665959E-002   207452.68219329472     
  -7.5551140484614199E-002   1.8456813157067015E-002   6.2359699996468974E-002   126621.68966774222     
  -7.4994474976105271E-002   1.8611919532605430E-002   6.2294072676512137E-002   91018.731307590468     
  -7.4976271249501542E-002   1.8616991724095002E-002   6.2291926573022752E-002   83901.731307590468     
  -7.9218376837489168E-002   1.7434993536051192E-002   6.2792043818402782E-002   71983.787488590970     
  -7.6431802633655163E-002   1.8211430046520961E-002   6.2463524457919438E-002   64866.787488590970     
  -7.6567597968492315E-002   1.8173592742287695E-002   6.2479533863481269E-002   57749.787488590970     
  -7.5687941704095860E-002   1.8418695578379819E-002   6.2375827989427361E-002   57749.787488590970     
  -7.5646312572675636E-002   1.8430294902556914E-002   6.2370920179826296E-002   50632.787488590970     
  -7.6144698300134706E-002   1.8291427301412887E-002   6.2429676684581707E-002   43515.787488590970     
  -7.6556179825267273E-002   1.8176774234196114E-002   6.2478187737078091E-002   43417.787488590970     
  -7.5571748063766930E-002   1.8451071168633846E-002   6.2362129498871981E-002   36300.787488590970     
  -7.5573200604886204E-002   1.8450666440148089E-002   6.2362300744223678E-002   29183.787488590970     
  -7.5622909250738030E-002   1.8436815882186181E-002   6.2368161077145469E-002   22066.787488590970     
  -7.5607092851736418E-002   1.8441222881157217E-002   6.2366296424383662E-002   14949.787488590970     
  -7.5539535400636904E-002   1.8460046737172161E-002   6.2358331830941090E-002   7832.7874885909696     
  -5.6474115543382053E-002  -7.4919768349470690E-003  -1.1478815294002392E-002   1173000.0000000000     
  -5.6236147868050618E-002  -7.4712553913402965E-003  -1.1693116424548860E-002   793964.65140703041     
  -5.8611908573966962E-002  -7.6781288308621441E-003  -9.5536317047159782E-003   730643.69079197629     
  -5.7440243741365575E-002  -7.5761041053569933E-003  -1.0608771222712740E-002   655565.61681262264     
  -5.4177659213313953E-002  -7.2920089600134411E-003  -1.3546882677939165E-002   455344.32315722550     
  -6.3992844800595902E-002  -8.1466830847810312E-003  -4.7078444978653610E-003   183979.33986455307     
  -6.2119236347659319E-002  -7.9835354142218876E-003  -6.3951173978779941E-003   130521.16274807147     
  -6.6062080553042829E-002  -8.3268653380796295E-003  -2.8443999754152131E-003   116271.51734408588     
  -6.7015706388858023E-002  -8.4099039438536461E-003  -1.9856148717288039E-003   109154.51734408588     
  -6.4187658324259836E-002  -8.1636468065924769E-003  -4.5324057190111421E-003   102037.51734408588     
  -6.1670096497239708E-002  -7.9444257911646301E-003  -6.7995890454845016E-003   75197.245729598581     
  -6.1497758051847658E-002  -7.9294191253538367E-003  -6.9547879548855392E-003   68080.245729598581     
  -6.4582129023456100E-002  -8.1979960195119848E-003  -4.1771662240357070E-003   60963.245729598581     
  -6.1495327429110076E-002  -7.9292074747087816E-003  -6.9569768454559476E-003   53846.245729598581     
  -6.1602279130211761E-002  -7.9385204775775115E-003  -6.8606617874211254E-003   46729.245729598581     
  -6.1451832025515241E-002  -7.9254200378164018E-003  -6.9961465106256650E-003   39612.245729598581     
  -6.1438099618897853E-002  -7.9242242649497242E-003  -7.0085131913487147E-003   32495.245729598581     
  -6.1438925777224436E-002  -7.9242962041034381E-003  -7.0077691967572221E-003   31644.245729598581     
  -6.1420212192337946E-002  -7.9226666865928521E-003  -7.0246216637663110E-003   24527.245729598581     
  -6.2548487496985550E-002  -8.0209131945087157E-003  -6.0085564649241269E-003   23676.245729598581     
  -6.1459178984208093E-002  -7.9260597868496385E-003  -6.9895302273352451E-003   16559.245729598581     
  -6.1461750579310331E-002  -7.9262837129052115E-003  -6.9872143844925093E-003   9442.2457295985805     
  -6.1457188461593031E-002  -7.9258864586778249E-003  -6.9913227869599550E-003   2325.2457295985805     
  -6.1457354327393521E-002  -7.9259009017269757E-003  -6.9911734169729872E-003   1612.2457295985805     
  -8.0907899296444347E-002  -6.8765472587401649E-003  -6.0841307143604501E-002   1173000.0000000000     
  -7.0454579788615967E-002  -1.7237889029918220E-002  -6.7359449948449029E-002   825657.94463922479     
  -5.1281318804772290E-002  -3.6242446364344177E-002  -7.9314891761325348E-002   290492.41482452775     
  -5.7207971714561205E-002  -3.0367941494242198E-002  -7.5619341272141372E-002   224086.40701399141     
  -5.7067726774178422E-002  -3.0506952433101982E-002  -7.5706790675021216E-002   119769.94654965919     
  -5.3407012210995607E-002  -3.4135456726638654E-002  -7.7989420635076523E-002   112652.94654965919     
   2.7796834845368899E-002  -8.6639996995215407E-002   5.0482270771722654E-002   1173000.0000000000     
   3.6884322979925117E-002  -9.0430071530774869E-002   4.7357305995828450E-002   734238.98841957690     
   3.8992871393033625E-002  -9.1309473575563016E-002   4.6632227798017581E-002   433362.71964462806     
   3.9379082125262060E-002  -9.1470548609709434E-002   4.6499419378747478E-002   165770.56160761617     
   3.8984085223058115E-002  -9.1305809170328461E-002   4.6635249146852582E-002   128182.30156690038     
   3.8223796018747938E-002  -9.0988719044844901E-002   4.6896693998035102E-002   121065.30156690038     
   3.2231291374844998E-002  -8.8489454240447171E-002   4.8957369693486075E-002   113948.30156690038     
   3.8471406951902092E-002  -9.1091988934013185E-002   4.6811546657782664E-002   79138.572740183721     
   3.9197226400233841E-002  -9.1394702925801000E-002   4.6561955112119927E-002   72021.572740183721     
   3.7389506935875713E-002  -9.0640766149449603E-002   4.7183585596492862E-002   68193.130511807351     
  -1.7122080342713390E-002   2.4311711841058792E-004   2.1285748119500812E-002   1332000.0000000000     
   1.4002908750087945E-002  -4.4511195981478395E-002  -1.6416503584061951E-004   284976.39516312047     
   7.7952493747526896E-003  -3.5585264137040572E-002   4.1138687363761368E-003   191486.47932711389     
   5.7211075748396572E-003  -3.2602876215550684E-002   5.5432720157587434E-003   111550.23718929059     
   1.8383154574828672E-003  -2.7019847941906823E-002   8.2191140367543405E-003   92678.713033215055     
   4.3878997507737702E-003  -3.0685869908895744E-002   6.4620576242924678E-003   85561.713033215055     
   5.5582889734876106E-003  -3.2368760963600904E-002   5.6554791188251118E-003   78444.713033215055     
   5.5471531615694913E-003  -3.2352748890095623E-002   5.6631534090182964E-003   77593.713033215055     
   5.0446316285237686E-003  -3.1630178162044637E-002   6.0094681727080549E-003   70476.713033215055     
   5.1607872936968420E-003  -3.1797197240894172E-002   5.9294190223923814E-003   62901.566449229504     
   5.4371635350875004E-003  -3.2194595897121453E-002   5.7389532086260277E-003   62050.566449229504     
   5.2398744282647902E-003  -3.1910915847254924E-002   5.8749158011019475E-003   54933.566449229504     
   5.5226585988561623E-003  -3.2317528401322154E-002   5.6800339367965537E-003   47816.566449229504     
   5.3771712955059557E-003  -3.2108333650866822E-002   5.7802971051710769E-003   40699.566449229504     
   5.6319350442134023E-003  -3.2474655918230809E-002   5.6047256288691682E-003   33582.566449229504     
   5.7420244291278818E-003  -3.2632952352865591E-002   5.5288570803308911E-003   26465.566449229504     
   5.5647822244916300E-003  -3.2378097544815555E-002   5.6510042684173971E-003   19348.566449229504     
   5.6225423515871027E-003  -3.2461150258665916E-002   5.6111986412942724E-003   12231.566449229504     
   5.6225752606892205E-003  -3.2461197578337438E-002   5.6111759618523499E-003   5114.5664492295036     
   5.6227787959513614E-003  -3.2461490239672083E-002   5.6110356946964665E-003   5055.5664492295036     
   5.6122608748320419E-003  -3.2446366625217778E-002   5.6182841629260124E-003   4204.5664492295036     
   5.6237640241175516E-003  -3.2462906889480156E-002   5.6103567206881554E-003   3353.5664492295036     
   5.6255930967046173E-003  -3.2465536894811235E-002   5.6090962078561542E-003   2502.5664492295036     
   5.6254123746404530E-003  -3.2465277036347689E-002   5.6092207532036243E-003   1651.5664492295036     
  -1.3410507069496893E-002  -4.8240006550868776E-002   1.5298369959720112E-002   1173000.0000000000     
  -1.8489296373979419E-002  -6.0037182830092600E-002   1.2786066512928320E-002   730598.21834656643     
  -1.3933762249673277E-002  -4.9455440629638220E-002   1.5039533509948796E-002   476866.51431835804     
  -2.2723012460941893E-002  -6.9871395670936365E-002   1.0691791897396221E-002   178532.68434398019     
  -1.9670440018371774E-002  -6.2780781540061378E-002   1.2201795130308821E-002   119891.16622491495     
  -2.0729909035766537E-002  -6.5241750485859284E-002   1.1677712026128705E-002   112774.16622491495     
  -1.8678963014598895E-002  -6.0477746645508479E-002   1.2692244909707022E-002   112774.16622491495     
  -1.9053632062131804E-002  -6.1348040043230946E-002   1.2506908940228557E-002   112774.16622491495     
  -1.9300843248587933E-002  -6.1922270193366338E-002   1.2384622017384354E-002   84216.424763417745     
  -1.9473283402205530E-002  -6.2322819766873497E-002   1.2299321768382799E-002   80077.781021615243     
  -1.9077675569711423E-002  -6.1403889081315131E-002   1.2495015438973854E-002   72960.781021615243     
  -1.8824771819953411E-002  -6.0816436060781541E-002   1.2620118278279049E-002   65843.781021615243     
  -1.9430503062895812E-002  -6.2223448209231542E-002   1.2320483739762054E-002   58726.781021615243     
  -1.9380133252706717E-002  -6.2106447582836712E-002   1.2345399962933712E-002   57875.781021615243     
  -1.9536647949077196E-002  -6.2470004988484963E-002   1.2267977493208874E-002   57024.781021615243     
  -1.9482327361223184E-002  -6.2343827367779325E-002   1.2294848031031135E-002   49907.781021615243     
  -1.8992794966564017E-002  -6.1206725667362717E-002   1.2537002971645230E-002   42790.781021615243     
  -1.9595268573088985E-002  -6.2606170872439790E-002   1.2238979874499250E-002   35673.781021615243     
  -1.9615536974107790E-002  -6.2653250970743105E-002   1.2228953789405394E-002   28556.781021615243     
  -1.9588508276675489E-002  -6.2590467836990099E-002   1.2242323962029317E-002   21439.781021615243     
  -1.9588358479964488E-002  -6.2590119884338422E-002   1.2242398061341340E-002   14322.781021615243     
  -1.9585833969059704E-002  -6.2584255868649435E-002   1.2243646850583680E-002   7205.7810216152429     
   7.7517413130690965E-002  -5.8898494659460801E-002  -1.9697506546162598E-002   1173000.0000000000     
   6.7042576581855473E-002  -7.2457459140371078E-002  -4.0146541294627976E-002   277484.61800991418     
   7.2920603777097359E-002  -6.4848752160884149E-002  -2.8671423586821017E-002   270367.61800991418     
   7.3802639338669859E-002  -6.3707017032655258E-002  -2.6949508809068851E-002   136942.46628861132     
   7.6838474428122097E-002  -5.9777334697673143E-002  -2.1022934494959788E-002   99682.215329531027     
   7.2063601886912687E-002  -6.5958082901742224E-002  -3.0344467490674112E-002   92565.215329531027     
   7.2821928016968893E-002  -6.4976481230495028E-002  -2.8864058960011884E-002   92565.215329531027     
   7.3431474836008981E-002  -6.4187464272542086E-002  -2.7674098236018234E-002   92565.215329531027     
   7.1705584394832919E-002  -6.6421512229352483E-002  -3.1043391249719443E-002   92565.215329531027     
   7.3830361322078070E-002  -6.3671132807959260E-002  -2.6895389797343187E-002   92565.215329531027     
   7.5095421677337668E-002  -6.2033598098639196E-002  -2.4425731865880256E-002   69636.391276556053     
   7.4908611115119567E-002  -6.2275411683602074E-002  -2.4790424494769338E-002   69359.700785555935     
   7.3858008982340323E-002  -6.3635344789527815E-002  -2.6841415879680544E-002   55349.108241914444     
   7.4205944717204042E-002  -6.3184965611899388E-002  -2.6162173783702232E-002   48232.108241914444     
   7.3729199563710462E-002  -6.3802079833446282E-002  -2.7092878350260509E-002   47519.108241914444     
   7.4299902183856528E-002  -6.3063344052735407E-002  -2.5978749489538142E-002   40402.108241914444     
   7.4355876671037019E-002  -6.2990888880764082E-002  -2.5869475781252118E-002   33285.108241914444     
   7.4399130174481160E-002  -6.2934900158253718E-002  -2.5785036048870745E-002   26168.108241914444     
   7.4328168976916006E-002  -6.3026754608948299E-002  -2.5923566897351046E-002   19051.108241914444     
   7.4340731835361495E-002  -6.3010492841936758E-002  -2.5899041614527368E-002   11934.108241914444     
   7.4348347018808728E-002  -6.3000635504173522E-002  -2.5884175210626709E-002   4817.1082419144441     
   7.4346851206408993E-002  -6.3002571731732168E-002  -2.5887095343995557E-002   3966.1082419144441     
   7.4347653443943229E-002  -6.3001533289730585E-002  -2.5885529211374991E-002   3253.1082419144441     
   7.4349143124714301E-002  -6.2999604999148806E-002  -2.5882621048206090E-002   2527.1082419144441     
   7.4348875092856176E-002  -6.2999951948184918E-002  -2.5883144301505071E-002   1801.1082419144441     
  -3.0401405785335636E-002   8.1303224595168880E-002  -2.8927674224391613E-002   1173000.0000000000     
  -2.7507813183133369E-002   8.1048872840624370E-002  -2.1203453120842135E-002   225636.46750454081     
  -2.7754861871398480E-002   8.1070588844207703E-002  -2.1862930439815530E-002   218519.46750454081     
  -2.5944816694502482E-002   8.0911482767492576E-002  -1.7031155177770298E-002   211402.46750454081     
  -2.7608438771007587E-002   8.1057718002451359E-002  -2.1472065325899462E-002   117673.40559526018     
  -2.7109997223272474E-002   8.1013904135182072E-002  -2.0141514259736523E-002   110556.40559526018     
  -2.7340692070738283E-002   8.1034182608099317E-002  -2.0757336268653510E-002   110556.40559526018     
  -2.6979216136030965E-002   8.1002408253220040E-002  -1.9792404287155316E-002   103439.40559526018     
  -3.2432146910149534E-002   8.1481730224374951E-002  -3.4348580208252308E-002   96322.405595260178     
  -2.9157685825194918E-002   8.1193899476704356E-002  -2.5607660219754923E-002   89205.405595260178     
  -2.8091253776073830E-002   8.1100158269808126E-002  -2.2760902547975810E-002   66787.637513509297     
  -2.8097760662563243E-002   8.1100730236295035E-002  -2.2778272176962856E-002   59670.637513509297     
  -2.8085086865664702E-002   8.1099616187802009E-002  -2.2744440458775810E-002   59670.637513509297     
  -2.7558189947141508E-002   8.1053301044616874E-002  -2.1337929986515642E-002   52553.637513509297     
  -2.8094637988246341E-002   8.1100455747864703E-002  -2.2769936439983235E-002   45436.637513509297     
  -2.8137435804574076E-002   8.1104217749352184E-002  -2.2884181892440136E-002   38319.637513509297     
  -2.8158560537745847E-002   8.1106074649643686E-002  -2.2940572729784701E-002   31202.637513509297     
   4.4345464630503331E-002  -3.5304304890943349E-002   9.6701475837178086E-002   1173000.0000000000     
   8.6452500377780767E-002   5.3123265510874092E-003  -2.2583094840076472E-002   1173000.0000000000     
   7.7185947177175890E-002  -2.8833010428855860E-002   6.0552190501072210E-004   1173000.0000000000     
   9.4627868671175508E-002   1.7051136149448375E-002   2.8407239490505311E-002   1173000.0000000000     
   9.4688527470380965E-002   1.7039276183597157E-002   2.4616838275181435E-002   375537.84445893404     
   9.5072920010809622E-002   1.6964120023853477E-002   5.9720762824052101E-004   155821.36997627845     
   9.4844280627090924E-002   1.7008823435702463E-002   1.4884252694576241E-002   148704.36997627845     
   9.4670395984120997E-002   1.7042821239066301E-002   2.5749824889746996E-002   97485.157468643214     
   9.4860227452122192E-002   1.7005705523663591E-002   1.3887779540296623E-002   73807.847408029294     
   9.4859037390855105E-002   1.7005938203607365E-002   1.3962143189629747E-002   66690.847408029294     
   9.4851330422832086E-002   1.7007445064586589E-002   1.4443730384620946E-002   66690.847408029294     
   9.4874546514374491E-002   1.7002905870660924E-002   1.2993020796728838E-002   59573.847408029294     
   9.4869144723931528E-002   1.7003962024937438E-002   1.3330563796724308E-002   52456.847408029294     
   9.4853682086508878E-002   1.7006985268954864E-002   1.4296781401533351E-002   45339.847408029294     
   9.4848381624986808E-002   1.7008021611471878E-002   1.4627992636477688E-002   44488.847408029294     
   9.4846755597750437E-002   1.7008339531176010E-002   1.4729598597914414E-002   37371.847408029294     
   9.4846484572698106E-002   1.7008392521804042E-002   1.4746534206617305E-002   30254.847408029294     
   9.4849034205484059E-002   1.7007894019391026E-002   1.4587214679408215E-002   23137.847408029294     
   9.4847674706266275E-002   1.7008159827724009E-002   1.4672166039388982E-002   16020.847408029294     
   9.4847064607557818E-002   1.7008279113795328E-002   1.4710289426536023E-002   8903.8474080292945     
   9.4847035822150066E-002   1.7008284741898052E-002   1.4712088147347686E-002   1786.8474080292945     
   5.8726543406704509E-002  -2.5657473513644072E-002  -3.3985109024206255E-002   1173000.0000000000     
   5.6367133137698276E-002  -2.7085718231595238E-002  -3.3866445118267856E-002   388836.73510102165     
   5.5853910785862104E-002  -2.7396392099032978E-002  -3.3840633172933982E-002   300637.38325011579     
   5.5063193051749303E-002  -2.7875044939521205E-002  -3.3800864907085032E-002   139742.25410061277     
   5.5666070375273616E-002  -2.7510099357903977E-002  -3.3831185949148315E-002   116708.51062562151     
   5.6255390818699506E-002  -2.7153360294096231E-002  -3.3860825163059050E-002   109591.51062562151     
   5.6400673508896305E-002  -2.7065414913163940E-002  -3.3868131993799955E-002   89842.132245659566     
   5.4012401530459934E-002  -2.8511130769808591E-002  -3.3748016520400811E-002   89842.132245659566     
   5.4533162296751411E-002  -2.8195893600782760E-002  -3.3774207601875446E-002   82725.132245659566     
   5.3905799539743060E-002  -2.8575661187500035E-002  -3.3742655092265386E-002   75608.132245659566     
   5.3459559878776902E-002  -2.8845787772557106E-002  -3.3720211966603658E-002   68491.132245659566     
   5.5069755000082196E-002  -2.7871072731648319E-002  -3.3801194932952076E-002   55181.924492658509     
   5.5211193046635236E-002  -2.7785454666168000E-002  -3.3808308401632257E-002   55083.924492658509     
   5.5807755366433634E-002  -2.7424331807047939E-002  -3.3838311837631870E-002   47966.924492658509     
   5.8229995368263239E-002  -2.5958053757117988E-002  -3.3960135694852935E-002   40849.924492658509     
   5.4954862836769133E-002  -2.7940621519979638E-002  -3.3795416559839295E-002   33732.924492658509     
   5.4895567798332622E-002  -2.7976515161098413E-002  -3.3792434382065438E-002   26615.924492658509     
   5.4972727191360746E-002  -2.7929807516827984E-002  -3.3796315027613537E-002   19498.924492658509     
   5.5009695810687674E-002  -2.7907428943683150E-002  -3.3798174323058719E-002   19498.924492658509     
   5.4973979493155030E-002  -2.7929049448828343E-002  -3.3796378010734478E-002   12381.924492658509     
   5.4966200761034797E-002  -2.7933758224241000E-002  -3.3795986788085000E-002   5264.9244926585088     
   5.4971144592924293E-002  -2.7930765526499809E-002  -3.3796235432591651E-002   4551.9244926585088     
   5.4964109532915452E-002  -2.7935024127655396E-002  -3.3795881612100939E-002   3700.9244926585088     
   5.4963773683098537E-002  -2.7935227430884741E-002  -3.3795864720909272E-002   2987.9244926585088     
   5.4963663876482494E-002  -2.7935293901189383E-002  -3.3795859198308083E-002   2274.9244926585088     
   5.4963985943526646E-002  -2.7935098941219649E-002  -3.3795875396310578E-002   1561.9244926585088     
   7.7440124264704674E-002   2.6624645224314639E-002  -9.0110437891173858E-002   1173000.0000000000     
   7.6931032969370788E-002   2.6010642557749535E-002  -8.8069807702410921E-002   703377.00812272006     
   2.8045278666832117E-002  -1.7966437235971792E-002  -4.6889627821740783E-002   1173000.0000000000     
   2.6776474567181848E-002  -2.5532033220972656E-002  -5.1338742097643671E-002   424082.63748010813     
   2.7062128485950701E-002  -2.3828742585694049E-002  -5.0337084766687357E-002   416965.63748010813     
   2.6236129509436115E-002  -2.8753990338326686E-002  -5.3233484486159555E-002   171234.62036744112     
   2.5586327583497867E-002  -3.2628614358913718E-002  -5.5512041929343989E-002   164117.62036744112     
   2.5957566684651146E-002  -3.0414998361034500E-002  -5.4210276601528863E-002   116621.68439497142     
   2.5640750420595541E-002  -3.2304103114071434E-002  -5.5321205990578402E-002   109504.68439497142     
   2.6620059172200259E-002  -2.6464703350735960E-002  -5.1887219176946449E-002   102387.68439497142     
   2.7542176319623052E-002  -2.0966324373110273E-002  -4.8653777098863295E-002   95270.684394971424     
   2.6600523743638159E-002  -2.6581188756115270E-002  -5.1955720968614269E-002   70688.372820460208     
   2.6601374424746766E-002  -2.6576116334311489E-002  -5.1952738019973431E-002   63571.372820460208     
   2.7134795269898943E-002  -2.3395446753001453E-002  -5.0082275670517831E-002   63571.372820460208     
   2.6714939406150266E-002  -2.5898953667844810E-002  -5.1554517695697813E-002   56454.372820460208     
   2.6683734153825907E-002  -2.6085023630702898E-002  -5.1663940209100576E-002   49337.372820460208     
   2.6676107203720309E-002  -2.6130501433866218E-002  -5.1690684426435436E-002   42220.372820460208     
   2.6639023272051272E-002  -2.6351624651091518E-002  -5.1820720773134502E-002   35103.372820460208     
   2.6634693496061446E-002  -2.6377442140058972E-002  -5.1835903312482466E-002   27986.372820460208     
   2.6652199261279350E-002  -2.6273059164717505E-002  -5.1774518619634259E-002   20869.372820460208     
   2.6641411923798760E-002  -2.6337381653236035E-002  -5.1812344866567973E-002   13752.372820460208     
   2.6644154056904856E-002  -2.6321030924842635E-002  -5.1802729462935439E-002   6635.3728204602085     
   2.6645790621435059E-002  -2.6311272455397019E-002  -5.1796990781434661E-002   5909.3728204602085     
   2.6641508899540690E-002  -2.6336803408506210E-002  -5.1812004817100951E-002   5058.3728204602085     
   2.6647372622168260E-002  -2.6301839337708726E-002  -5.1791443430154412E-002   4999.3728204602085     
   2.6641504100744503E-002  -2.6336832022658064E-002  -5.1812021644279102E-002   4148.3728204602085     
   2.6642068826611173E-002  -2.6333464688212429E-002  -5.1810041409571420E-002   3422.3728204602085     
   2.6641292702493602E-002  -2.6338092543300055E-002  -5.1812762921026434E-002   2696.3728204602085     
   2.6641355127335759E-002  -2.6337720317882979E-002  -5.1812544025724563E-002   1845.3728204602085     
   2.6641308986115834E-002  -2.6337995447690866E-002  -5.1812705821828717E-002   1786.3728204602085     
   2.6641330043438938E-002  -2.6337869887567616E-002  -5.1812631983450624E-002   1727.3728204602085     
   2.6641305906997061E-002  -2.6338013807789676E-002  -5.1812716618886596E-002   1001.3728204602085     
   8.2978057266728258E-002   3.9979573732800443E-002  -1.7810466397216250E-002   1173000.0000000000     
   8.2805633191863640E-002   3.9360140960139185E-002  -3.7339067909009441E-002   237766.54673396825     
   8.2870157117466273E-002   3.9591942894819203E-002  -3.0031143931108638E-002   124459.70050992935     
   8.2883131481488417E-002   3.9638553243670209E-002  -2.8561678689341698E-002   117342.70050992935     
   8.2749617705781375E-002   3.9158905559090088E-002  -4.3683333389619938E-002   110225.70050992935     
   8.2876500999825353E-002   3.9614733265840217E-002  -2.9312641304805421E-002   78913.622487895263     
   8.2883933236059998E-002   3.9641433543637916E-002  -2.8470872660364473E-002   71796.622487895263     
   8.2871955364913527E-002   3.9598403091303122E-002  -2.9827475981348082E-002   64679.622487895263     
   8.2882267256834438E-002   3.9635448520190991E-002  -2.8659560025793233E-002   57562.622487895263     
   8.2882976002169456E-002   3.9637994684862739E-002  -2.8579288142462991E-002   50445.622487895263     
   8.2882178882630719E-002   3.9635131036231244E-002  -2.8669569211632166E-002   43328.622487895263     
   8.2884009493330302E-002   3.9641707497564696E-002  -2.8462235827919055E-002   36211.622487895263     
   8.2884174041385261E-002   3.9642298635768555E-002  -2.8443599257606422E-002   29094.622487895263     
   8.2883411317099309E-002   3.9639558551939839E-002  -2.8529984750208147E-002   21977.622487895263     
   8.2883959097473800E-002   3.9641526450659603E-002  -2.8467943619015165E-002   14860.622487895263     
   8.2884464986156606E-002   3.9643343853650981E-002  -2.8410647104572775E-002   7743.6224878952635     
  -7.2148493259489618E-002   5.1462849616425436E-002   9.5490823566785454E-002   1173000.0000000000     
   1.8785248392275637E-003   5.0349701914580103E-002   9.2152202587771723E-002   248389.20538282636     
   5.9598770662271389E-003   5.0288330431997250E-002   9.1968133466553914E-002   241272.20538282636     
  -5.6352808087448709E-003   5.0462687358327131E-002   9.2491075472467682E-002   192200.57694778303     
   4.0602685711362881E-003   5.0316894932973047E-002   9.2053805872879479E-002   185083.57694778303     
  -9.9313635645906177E-003   5.0527287753823674E-002   9.2684828947680195E-002   136054.55899140504     
  -7.1691555243658051E-003   5.0485752303511537E-002   9.2560253273171772E-002   136054.55899140504     
  -7.8764421451304450E-003   5.0496387805206343E-002   9.2592151923298560E-002   135203.55899140504     
  -7.5226200350472904E-003   5.0491067365739550E-002   9.2576194534362707E-002   128086.55899140504     
  -7.2382349511900968E-003   5.0486791054054105E-002   9.2563368757619710E-002   128086.55899140504     
  -9.1165145877209995E-003   5.0515034831995272E-002   9.2648079231714642E-002   120969.55899140504     
   6.0573343865777396E-007   5.0377940271203799E-002   9.2236896801918197E-002   82463.033034886816     
  -8.4805790005695152E-003   5.0505472239099590E-002   9.2619398515577545E-002   75346.033034886816     
  -7.4029981225813331E-003   5.0489268605498065E-002   9.2570799582130867E-002   68229.033034886816     
  -9.1249646677516345E-003   5.0515161896240300E-002   9.2648460330605142E-002   68229.033034886816     
  -9.6211303339538996E-003   5.0522622762357201E-002   9.2670837418657517E-002   61112.033034886816     
  -9.4201415837458641E-003   5.0519600485205735E-002   9.2661772819336546E-002   53995.033034886816     
  -9.1651071507998696E-003   5.0515765520618254E-002   9.2650270757926090E-002   46878.033034886816     
  -9.7577513818655776E-003   5.0524677139386187E-002   9.2676999032463500E-002   39761.033034886816     
  -9.7946300583315101E-003   5.0525231685753305E-002   9.2678662261999001E-002   32644.033034886816     
  -9.7470063832371910E-003   5.0524515566343853E-002   9.2676514432667889E-002   31793.033034886816     
  -9.7440045743377428E-003   5.0524470428004314E-002   9.2676379050986649E-002   30942.033034886816     
  -8.9317398993393592E-003   5.0512256366442916E-002   9.2639745887121469E-002   23825.033034886816     
  -9.6568038240843306E-003   5.0523159186281537E-002   9.2672446294249200E-002   16708.033034886816     
  -9.7408816074290739E-003   5.0524423467806175E-002   9.2676238205075173E-002   9591.0330348868156     
  -9.7357889632256663E-003   5.0524346889479280E-002   9.2676008526652184E-002   8740.0330348868156     
  -9.7420435817433711E-003   5.0524440940467791E-002   9.2676290610155407E-002   1623.0330348868156     
  -2.2761726634154187E-002   4.6901420891824315E-002   7.5065821925068554E-002   1173000.0000000000     
  -2.2727261519860705E-002   4.6897071596058590E-002   7.5642553167512588E-002   1085932.0289767398     
  -2.2629303098545949E-002   4.6884709816451126E-002   7.7281766708243493E-002   397224.91626820888     
  -2.2163483982844196E-002   4.6825926169594009E-002   8.5076675933414850E-002   268226.83118096180     
  -2.1608261895878011E-002   4.6755860390867168E-002   9.4367633779126436E-002   166499.32435427062     
  -2.2238369025608429E-002   4.6835376223832555E-002   8.3823566966877705E-002   143520.37391589236     
  -3.3883463072082030E-002   7.2606571849746490E-002   2.8880256104855864E-002   1173000.0000000000     
  -2.9363645735952966E-002   6.9712189519882992E-002   2.8426218575264357E-002   286422.29710789310     
  -2.8193556379147472E-002   6.8962892433996864E-002   2.8308677435555318E-002   279305.29710789310     
  -2.3747649287374141E-002   6.6115840447231344E-002   2.7862064547771910E-002   274021.28005090583     
  -2.9184104253269075E-002   6.9597215471970966E-002   2.8408182764258150E-002   216273.12580984435     
  -3.2579363903181759E-002   7.1771458102851737E-002   2.8749253030847362E-002   131053.37829429359     
  -2.9040324572789700E-002   6.9505142422193841E-002   2.8393739399388405E-002   115178.57975562960     
  -1.7859674578743219E-002   6.2345323037353031E-002   2.7270588987546369E-002   104710.93148674625     
  -4.0735516340850299E-002   7.6994461985455259E-002   2.9568578023069794E-002   97593.931486746253     
  -3.3247406550021744E-002   7.2199256548853730E-002   2.8816361148383096E-002   90476.931486746253     
  -3.2765354996481755E-002   7.1890562326302615E-002   2.8767936736459297E-002   71911.729288879971     
  -3.2619843238278760E-002   7.1797380095604144E-002   2.8753319375998093E-002   64794.729288879971     
  -3.2112024488056098E-002   7.1472185179944872E-002   2.8702306524441393E-002   57677.729288879971     
  -3.2747524748426904E-002   7.1879144264228617E-002   2.8766145601734867E-002   50560.729288879971     
  -3.2563263517902778E-002   7.1761147803299799E-002   2.8747635669212169E-002   43443.729288879971     
  -3.3173766408332847E-002   7.2152099173008202E-002   2.8808963639695317E-002   36326.729288879971     
  -3.3053492695537437E-002   7.2075078779666318E-002   2.8796881563060071E-002   31829.868637776046     
  -3.2697761454949383E-002   7.1847277047789176E-002   2.8761146638025811E-002   24712.868637776046     
  -3.3177004869792213E-002   7.2154173005848518E-002   2.8809288958824682E-002   17595.868637776046     
  -3.3172428519382541E-002   7.2151242421097855E-002   2.8808829242274205E-002   17497.868637776046     
  -3.3185083577011561E-002   7.2159346415675701E-002   2.8810100504069850E-002   10380.868637776046     
  -3.3170417741204883E-002   7.2149954767107921E-002   2.8808627249873087E-002   3263.8686377760459     
  -3.3170484105399155E-002   7.2149997265142013E-002   2.8808633916477637E-002   3263.8686377760459     
  -3.3170231540764553E-002   7.2149835528823661E-002   2.8808608545137553E-002   2550.8686377760459     
  -3.3171246580108685E-002   7.2150485535610057E-002   2.8808710510752969E-002   1699.8686377760459     
  -6.2651725822761670E-002  -1.7643592472887666E-002   6.9068114039779138E-002   1173000.0000000000     
  -6.3396171363571049E-002  -1.8528759409620024E-002   7.0042379858959669E-002   506234.07105834741     
  -7.2143835747755319E-002  -2.8929981341975951E-002   8.1490565038371918E-002   230420.64780633981     
  -6.6835401122921828E-002  -2.2618101482236169E-002   7.4543345766017011E-002   208150.77603820909     
  -6.7310054545087414E-002  -2.3182477910968686E-002   7.5164531037232710E-002   186269.53168095095     
  -6.7878284270715211E-002  -2.3858119227924350E-002   7.5908180866231065E-002   179152.53168095095     
  -6.6814165804166520E-002  -2.2592852083827886E-002   7.4515554820825503E-002   121505.96988363596     
  -6.9500788793861679E-002  -2.5787323286325301E-002   7.8031574199541584E-002   107014.07062431231     
  -1.6586597077464592E-002   3.7039978019237772E-002  -5.2884003104722667E-002   1173000.0000000000     
  -2.4472017874895780E-002   4.1494176597351690E-002  -4.0358101565818968E-002   721919.56335836800     
  -9.7943976596440718E-003   3.3203301985540487E-002  -6.3673334876076543E-002   270335.79097097210     
  -1.1362176005639173E-002   3.4088885172401495E-002  -6.1182936747525521E-002   216125.24213420742     
  -2.6495503501547807E-003   2.9167427484444022E-002  -7.5022843825341343E-002   209008.24213420742     
  -1.0928317084935291E-002   3.3843813433385259E-002  -6.1872116724361034E-002   133804.42763981415     
  -9.8654127526433787E-003   3.3243415929284009E-002  -6.3560528205952468E-002   95044.908553085697     
  -1.1684419967558512E-002   3.4270909522637123E-002  -6.0671055867329148E-002   87927.908553085697     
  -8.8888968927506862E-003   3.2691816253581647E-002  -6.5111712578532613E-002   80810.908553085697     
  -1.1117835009819534E-002   3.3950865484662154E-002  -6.1571069649266355E-002   70101.738215809484     
  -1.1119998732808004E-002   3.3952087696146646E-002  -6.1567632599829523E-002   62984.738215809484     
  -1.1556557576584905E-002   3.4198684527332567E-002  -6.0874163825801825E-002   55867.738215809484     
  -1.1298123550684545E-002   3.4052704179514399E-002  -6.1284683346051770E-002   55769.738215809484     
  -1.1463791823349173E-002   3.4146284395903330E-002  -6.1021521173122026E-002   48652.738215809484     
  -1.1605103401330219E-002   3.4226106366839780E-002  -6.0797049333562836E-002   41535.738215809484     
  -1.1729207161504334E-002   3.4296208242986480E-002  -6.0599911917503170E-002   36404.148464054095     
  -1.1722469669651157E-002   3.4292402469343772E-002  -6.0610614346928320E-002   29287.148464054095     
  -1.1746865616361103E-002   3.4306182886893917E-002  -6.0571861662158888E-002   22170.148464054095     
  -1.1740179512733125E-002   3.4302406140663384E-002  -6.0582482461970899E-002   15053.148464054095     
  -1.1719893344926707E-002   3.4290947193560885E-002  -6.0614706809545053E-002   7936.1484640540948     
  -5.5152857859044578E-002   6.5321098247874590E-002   1.6011559912378064E-002   1173000.0000000000     
  -5.5483585509579672E-002   6.5976109684467529E-002   1.4506142473421187E-002   743181.24546584906     
  -5.9252589327700840E-002   7.3440682427138429E-002  -2.6497381011684092E-003   314898.22890506749     
  -5.4403618781739306E-002   6.3837218192538167E-002   1.9421971987384275E-002   174467.64954638586     
  -5.4765538527992312E-002   6.4554006076892517E-002   1.7774573299579956E-002   132312.31293997823     
  -5.4778726211726858E-002   6.4580124496850216E-002   1.7714545149404664E-002   132214.31293997823     
  -5.4732869337229421E-002   6.4489304218613333E-002   1.7923278040207144E-002   125097.31293997823     
  -5.4672907013361333E-002   6.4370547870800432E-002   1.8196216598218091E-002   88196.766287955194     
  -5.4906659415771428E-002   6.4833498267182377E-002   1.7132214412683006E-002   77861.805851136145     
  -5.3752403410837771E-002   6.2547475665913940E-002   2.2386196400691748E-002   60746.552923498151     
  -5.4475856117674762E-002   6.3980285399377917E-002   1.9093159609329162E-002   53629.552923498151     
  -5.4519788198192233E-002   6.4067293592148342E-002   1.8893188061641340E-002   52778.552923498151     
  -5.4374027455333582E-002   6.3778612094171905E-002   1.9556666799689700E-002   45661.552923498151     
  -5.4564000728979607E-002   6.4154857221193545E-002   1.8691939950816486E-002   38544.552923498151     
  -5.4558051552137346E-002   6.4143074780675824E-002   1.8719019617579425E-002   31427.552923498151     
  -5.4676828709401756E-002   6.4378314852947718E-002   1.8178365687960094E-002   24310.552923498151     
  -5.4554327698491202E-002   6.4135699628575682E-002   1.8735969982055931E-002   17193.552923498151     
  -5.4556048646833458E-002   6.4139107994474753E-002   1.8728136510491676E-002   10076.552923498151     
  -5.4556494432663680E-002   6.4139990880488648E-002   1.8726107367292532E-002   2959.5529234981514     
  -5.4556546504958468E-002   6.4140094010506840E-002   1.8725870342838912E-002   2900.5529234981514     
  -5.4556523812711505E-002   6.4140049068146368E-002   1.8725973634185312E-002   2187.5529234981514     
  -5.4556494893169147E-002   6.4139991792527135E-002   1.8726105271147996E-002   2128.5529234981514     
  -5.4556486774599892E-002   6.4139975713570010E-002   1.8726142225529388E-002   1277.5529234981514     
   8.1900943062059209E-002   3.4619649316164493E-002  -2.1135333924091709E-002   1173000.0000000000     
   8.9103962728969491E-002   3.5301600589474347E-002  -1.7315990848679765E-002   1116138.8579952610     
   7.3641538545904855E-002   3.3837684017298572E-002  -2.5514816544514922E-002   257447.95031587459     
   8.1600020497612932E-002   3.4591159247348700E-002  -2.1294895686505451E-002   178284.12313891371     
   7.5921758833221595E-002   3.4053565578125909E-002  -2.4305748130501736E-002   121998.75987035880     
   7.7286481648165262E-002   3.4182771731156594E-002  -2.3582114866378272E-002   107208.26102500191     
  -2.7463739290767959E-002  -3.5324871551308493E-002   3.2186358185382319E-002   1173000.0000000000     
  -2.6730253094038516E-002  -3.5491253282065129E-002   7.5138377894010663E-002   233200.76829614016     
  -2.6791662966007920E-002  -3.5477323257438388E-002   7.1542293819224556E-002   125593.14838360449     
  -2.6863001402205908E-002  -3.5461141068138829E-002   6.7364805638504180E-002   118476.14838360449     
  -2.6844827979756757E-002  -3.5465263470842986E-002   6.8429018165869868E-002   86514.001307147890     
  -2.6826694195484654E-002  -3.5469376882146172E-002   6.9490909531951889E-002   79397.001307147890     
  -2.6860562197956316E-002  -3.5461694369654961E-002   6.7507642340093141E-002   72280.001307147890     
  -2.6849896458524536E-002  -3.5464113752861313E-002   6.8132214489267401E-002   65163.001307147890     
  -2.6867249661562131E-002  -3.5460177406180980E-002   6.7116032968466965E-002   58046.001307147890     
  -2.6851056893235012E-002  -3.5463850523455749E-002   6.8064260907076957E-002   50929.001307147890     
  -2.6874016953336601E-002  -3.5458642334733156E-002   6.6719748960714406E-002   43812.001307147890     
  -2.6875324886193593E-002  -3.5458345647306141E-002   6.6643158074476114E-002   36695.001307147890     
  -2.6876959382465516E-002  -3.5457974883248346E-002   6.6547444049592910E-002   29578.001307147890     
  -2.6869784775252543E-002  -3.5459602348865173E-002   6.6967579931886637E-002   22461.001307147890     
  -2.6875224220517611E-002  -3.5458368481995427E-002   6.6649052928555233E-002   15344.001307147890     
  -2.6875292625681203E-002  -3.5458352965180580E-002   6.6645047209091382E-002   8227.0013071478897     
  -2.6875309547115610E-002  -3.5458349126774952E-002   6.6644056311392919E-002   1110.0013071478897     
  -6.5662715226606147E-002   2.6743200435175023E-002   2.9095508408361934E-002   1173000.0000000000     
  -4.9382997775160899E-002  -1.0691154186266774E-002   6.6026884572902192E-002   462894.53939008701     
  -5.3451143679265442E-002  -1.3366665005793248E-003   5.6798086399664799E-002   270575.00793675549     
  -4.9264851617804889E-002  -1.0962825065372404E-002   6.6294905206105648E-002   137574.86217144309     
  -4.9294997699314766E-002  -1.0893505735411471E-002   6.6226517270046650E-002   127761.57268627698     
  -5.2589003422719209E-002  -3.3191127066163669E-003   5.8753895904102835E-002   102389.13466229881     
  -4.8713104048555361E-002  -1.2231539601137988E-002   6.7546572938583155E-002   92720.075363168056     
  -4.9052504340844037E-002  -1.1451106467820471E-002   6.6776625923086572E-002   79025.104474798398     
  -4.8873433027683273E-002  -1.1862871540487159E-002   6.7182858405090209E-002   71908.104474798398     
  -4.9171034758313741E-002  -1.1178552002780017E-002   6.6507733576055994E-002   71908.104474798398     
  -4.9699804997891762E-002  -9.9626726289109672E-003   6.5308191097464871E-002   58484.656603134732     
  -4.9077348338767361E-002  -1.1393979000390542E-002   6.6720266036284254E-002   49574.677848239255     
  -4.9055482611712650E-002  -1.1444258090495318E-002   6.6769869562474243E-002   49574.677848239255     
  -4.9202100780425993E-002  -1.1107117317755788E-002   6.6437258707435873E-002   42457.677848239255     
  -4.9223880723515565E-002  -1.1057035483370043E-002   6.6387849786581909E-002   35340.677848239255     
  -4.9224718203482509E-002  -1.1055109742203806E-002   6.6385949920212503E-002   28223.677848239255     
  -4.9216185472981337E-002  -1.1074730307512926E-002   6.6405306858119392E-002   21106.677848239255     
  -4.9218030948165251E-002  -1.1070486734325273E-002   6.6401120302767777E-002   13989.677848239255     
  -4.9219418669548647E-002  -1.1067295741942455E-002   6.6397972185450946E-002   6872.6778482392547     
  -4.9221126138837633E-002  -1.1063369506056627E-002   6.6394098703568410E-002   6146.6778482392547     
  -4.9218927806166282E-002  -1.1068424456490545E-002   6.6399085734274735E-002   5295.6778482392547     
  -4.9217637022219374E-002  -1.1071392546333146E-002   6.6402013944032209E-002   4569.6778482392547     
  -4.9220642617450461E-002  -1.1064481338072654E-002   6.6395195596698570E-002   3718.6778482392547     
  -4.9222367665731320E-002  -1.1060514680218953E-002   6.6391282235969032E-002   2992.6778482392547     
  -4.9222420957148932E-002  -1.1060392139405135E-002   6.6391161341647853E-002   2266.6778482392547     
  -4.9222185070650792E-002  -1.1060934548009478E-002   6.6391696462298505E-002   1553.6778482392547     
  -7.8663000941240707E-002   4.6487605205375218E-002   1.2270881968668004E-002   1173000.0000000000     
  -7.7694692469910454E-002   4.5572822151509075E-002  -2.2531469119508367E-002   400207.83523335459     
  -7.7299605208668909E-002   4.5199574222689817E-002  -3.6731453921154428E-002   199933.89858195392     
  -7.7525133045638309E-002   4.5412635503823989E-002  -2.8625670284269163E-002   197162.23196386232     
  -7.7566728828172241E-002   4.5451931986402593E-002  -2.7130660098574240E-002   168841.36189088860     
  -7.7752347825666673E-002   4.5627290478464796E-002  -2.0459255571293765E-002   168841.36189088860     
  -7.7703780719540774E-002   4.5581408027804984E-002  -2.2204824807518769E-002   109262.37425520955     
  -7.7775302771300903E-002   4.5648976538114526E-002  -1.9634222949122409E-002   80943.197269485696     
  -7.7748857773746016E-002   4.5623993346973479E-002  -2.0584692883736148E-002   72357.111134436287     
  -7.7763763992337281E-002   4.5638075590977586E-002  -2.0048942688245450E-002   65240.111134436287     
  -7.7733535932591413E-002   4.5609518454873231E-002  -2.1135381131301700E-002   58123.111134436287     
  -7.7696766746309875E-002   4.5574781767639065E-002  -2.2456916745297071E-002   51006.111134436287     
  -7.7692330419369085E-002   4.5570590668596755E-002  -2.2616364495995311E-002   43889.111134436287     
  -7.7689430586226488E-002   4.5567851130219862E-002  -2.2720588525954426E-002   36772.111134436287     
  -7.7688446094942215E-002   4.5566921058894254E-002  -2.2755972509811619E-002   29655.111134436287     
  -7.7690361937046731E-002   4.5568730998539510E-002  -2.2687114484166868E-002   22538.111134436287     
  -7.7690626562919168E-002   4.5568980996624701E-002  -2.2677603462842661E-002   15421.111134436287     
  -7.7689692945920388E-002   4.5568098987394619E-002  -2.2711158954233472E-002   8304.1111344362871     
  -7.7689634302783958E-002   4.5568043585888771E-002  -2.2713266669990795E-002   1187.1111344362871     
   1.6557313264433798E-002   2.6148069708002937E-002   6.0415335302318338E-002   1173000.0000000000     
   1.7485288890841961E-002   2.3115735937939232E-002   6.2898524512377096E-002   212369.07311884558     
   1.7841799534965352E-002   2.1950770787133606E-002   6.3852518733308203E-002   138311.86454213702     
   1.7893692408535847E-002   2.1781201125522426E-002   6.3991379949122629E-002   113245.78065266355     
   1.7704310266586930E-002   2.2400042664175192E-002   6.3484608350728819E-002   79213.973761511937     
   1.7279072308421305E-002   2.3789587156684756E-002   6.2346705285848257E-002   60953.379924764136     
   1.7241063995491576E-002   2.3913786421794838E-002   6.2244998053595887E-002   60953.379924764136     
   1.7366762790950840E-002   2.3503042118301880E-002   6.2581358065345316E-002   53836.379924764136     
   1.7301546530749629E-002   2.3716148435469764E-002   6.2406844523132075E-002   46719.379924764136     
   1.7117451549000143E-002   2.4317713190159441E-002   6.1914220946286944E-002   45868.379924764136     
   1.7390868918239599E-002   2.3424270842674639E-002   6.2645864150932332E-002   38751.379924764136     
   1.7390680998402436E-002   2.3424884905859152E-002   6.2645361292345617E-002   31634.379924764136     
   1.7503333743873164E-002   2.3056771008618675E-002   6.2946811108564565E-002   24517.379924764136     
   1.7388973000865109E-002   2.3430466106985810E-002   6.2640790826338971E-002   17400.379924764136     
   1.7389502840766152E-002   2.3428734756097989E-002   6.2642208635910551E-002   10283.379924764136     
   1.7389334149165495E-002   2.3429285987426531E-002   6.2641757230560396E-002   3166.3799247641364     
   1.7390105114097075E-002   2.3426766715442401E-002   6.2643820271598274E-002   2315.3799247641364     
   1.7389990563629696E-002   2.3427141030500601E-002   6.2643513743628684E-002   1602.3799247641364     
  -3.8417099316748221E-002  -3.1452384058479735E-002  -9.0900794670148069E-002   1332000.0000000000     
  -4.8270053301298042E-002  -3.3106172758979251E-002  -8.8491419524920664E-002   227739.33022577167     
  -7.8815101699366633E-003  -2.6327077234426819E-002  -9.8367762409017970E-002   150388.56932744113     
   4.8357676141065301E-002   3.4168487297222785E-002   2.0854262551579933E-003   1173000.0000000000     
   8.7319689310803930E-002   3.4165748353990964E-002  -7.4900749286507251E-002   766081.88513839745     
   8.4561103942782434E-002   3.4165942276432555E-002  -6.9449980188309848E-002   326555.67850029533     
   8.7572554715744058E-002   3.4165730578113049E-002  -7.5400393398024970E-002   261059.25912134047     
   8.7534161236440380E-002   3.4165733277089612E-002  -7.5324530605092491E-002   130858.35686777545     
   8.7226111631926007E-002   3.4165754932294533E-002  -7.4715846427882052E-002   123741.35686777545     
   8.6864161678664842E-002   3.4165780376574591E-002  -7.4000658983186474E-002   116624.35686777545     
   8.6467701421287485E-002   3.4165808246852593E-002  -7.3217281624404260E-002   86806.666449764612     
   8.6722512711826613E-002   3.4165790334183231E-002  -7.3720770667898575E-002   86806.666449764612     
   8.7014994315031874E-002   3.4165769773374322E-002  -7.4298693578323444E-002   79689.666449764612     
   8.7570514558856088E-002   3.4165730721531562E-002  -7.5396362192665378E-002   73246.772522433283     
   8.7175606984013845E-002   3.4165758482659424E-002  -7.4616052824484386E-002   66129.772522433283     
   8.7542802318456098E-002   3.4165732669640687E-002  -7.5341604770486209E-002   59012.772522433283     
   8.7541447749668808E-002   3.4165732764863871E-002  -7.5338928238604039E-002   58299.772522433283     
   8.7746806700211122E-002   3.4165718328584484E-002  -7.5744702964530730E-002   48618.225342385165     
   8.7995292956735319E-002   3.4165700860550999E-002  -7.6235694189268607E-002   41501.225342385165     
   8.7782289188077428E-002   3.4165715834244173E-002  -7.5814813844777867E-002   40650.225342385165     
   8.7621109174716577E-002   3.4165727164842126E-002  -7.5496333566350049E-002   33533.225342385165     
   8.7625228294666402E-002   3.4165726875277115E-002  -7.5504472655317359E-002   26416.225342385165     
   8.7630676681863473E-002   3.4165726492267560E-002  -7.5515238282117647E-002   19299.225342385165     
   8.7635191072943666E-002   3.4165726174915867E-002  -7.5524158398813088E-002   12182.225342385165     
   8.7630092162397227E-002   3.4165726533357990E-002  -7.5514083313095892E-002   5065.2253423851653     
   8.7632550007947174E-002   3.4165726360576888E-002  -7.5518939841636615E-002   5006.2253423851653     
   8.7633200175412609E-002   3.4165726314871553E-002  -7.5520224526450172E-002   4155.2253423851653     
   8.7629653814988426E-002   3.4165726564172841E-002  -7.5513217169695779E-002   3429.2253423851653     
   8.7630851348481933E-002   3.4165726479988889E-002  -7.5515583410971518E-002   3331.2253423851653     
   8.7629279475299818E-002   3.4165726590488089E-002  -7.5512477501012476E-002   2480.2253423851653     
   8.7629630521710841E-002   3.4165726565810309E-002  -7.5513171143830798E-002   1767.2253423851653     
   8.7629530501917879E-002   3.4165726572841476E-002  -7.5512973511811507E-002   1041.2253423851653     
   5.6565809969766692E-003  -1.5894037631940833E-002   6.3912732553330770E-002   1173000.0000000000     
  -7.9211007514132948E-003  -3.3307656832107790E-002   4.6794543528695394E-002   1125124.6955236103     
  -1.2838801890845158E-002  -3.9614696323031801E-002   4.0594505905819034E-002   283793.92360207735     
  -5.8711305755424579E-003  -3.0678533490153852E-002   4.9379062566312637E-002   181665.86294861769     
  -1.0956196388625146E-002  -3.7200221162448088E-002   4.2968018368625308E-002   130758.00431937753     
  -1.0726591478636117E-002  -3.6905748767003144E-002   4.3257494902470460E-002   129907.00431937753     
  -9.0518804690706001E-003  -3.4757902004107909E-002   4.5368902442773133E-002   122790.00431937753     
  -8.3644167281139662E-003  -3.3876217485293743E-002   4.6235628772300932E-002   115673.00431937753     
  -8.9820088914284724E-003  -3.4668290458593577E-002   4.5456993686601943E-002   108556.00431937753     
   5.7849689558546816E-004  -2.2406771134369119E-002   5.7510490613839289E-002   101439.00431937753     
  -1.1470273731298752E-002  -3.7859534530565106E-002   4.2319890559456959E-002   94322.004319377535     
  -1.0066833237558061E-002  -3.6059597046318753E-002   4.4089291264369605E-002   77006.854943502825     
  -1.0803064675110916E-002  -3.7003827006507437E-002   4.3161080606066077E-002   69889.854943502825     
  -1.0350434536301146E-002  -3.6423320774161355E-002   4.3731738279296002E-002   62772.854943502825     
  -1.1085280773031621E-002  -3.7365774189569885E-002   4.2805274025861435E-002   55655.854943502825     
  -1.0369688854549818E-002  -3.6448014780999523E-002   4.3707463217806927E-002   48538.854943502825     
  -1.1097894196125802E-002  -3.7381951129834279E-002   4.2789371534937351E-002   41421.854943502825     
  -1.1332335569752210E-002  -3.7682626376223702E-002   4.2493797384408456E-002   41421.854943502825     
  -1.1206287888944597E-002  -3.7520967975671768E-002   4.2652713174759598E-002   34304.854943502825     
  -1.1121438872724253E-002  -3.7412147597837751E-002   4.2759687364104286E-002   27187.854943502825     
  -1.1213171774346701E-002  -3.7529796681575411E-002   4.2644034251971386E-002   20070.854943502825     
  -1.1210735380631536E-002  -3.7526671963146761E-002   4.2647105958093796E-002   12953.854943502825     
  -1.1211373724968561E-002  -3.7527490651153267E-002   4.2646301159511346E-002   5836.8549435028253     
  -1.1228645024518933E-002  -3.7549641401114525E-002   4.2624526207359487E-002   4985.8549435028253     
  -1.1211718462170306E-002  -3.7527932782767968E-002   4.2645866528865803E-002   4272.8549435028253     
  -1.1210117695345016E-002  -3.7525879770741288E-002   4.2647884710585442E-002   3421.8549435028253     
  -1.1209662285108359E-002  -3.7525295698983829E-002   4.2648458873292987E-002   2570.8549435028253     
  -1.1210017552370709E-002  -3.7525751335589212E-002   4.2648010966775229E-002   1857.8549435028253     
  -1.1209833353946218E-002  -3.7525515097821913E-002   4.2648243196658574E-002   1131.8549435028253     
   4.4622764500969164E-002   5.4395706372103392E-002   2.5046391196354122E-003   1332000.0000000000     
   3.8941260714752172E-002   4.0384333789553639E-002   1.7571304032157863E-002   283272.24859198066     
   3.9404190134000761E-002   4.1525981637831187E-002   1.6343670873681829E-002   154424.21457772140     
   4.1216735635746148E-002   4.5995969039650593E-002   1.1537018138582406E-002   102748.37826916622     
   4.0002465268861566E-002   4.3001410703239144E-002   1.4757117151002036E-002   81886.107760922387     
   3.9847340063210127E-002   4.2618850533412314E-002   1.5168490544557864E-002   74769.107760922387     
   3.9400822481746915E-002   4.1517676542519699E-002   1.6352601482541706E-002   67652.107760922387     
   3.9416360796200853E-002   4.1555996170792614E-002   1.6311395740894418E-002   67652.107760922387     
   3.9757319149163098E-002   4.2396846533345564E-002   1.5407215184741306E-002   60535.107760922387     
   3.9536095464980547E-002   4.1851278391564918E-002   1.5993873795860807E-002   59684.107760922387     
   3.9638562961989442E-002   4.2103977383278327E-002   1.5722142314205684E-002   52567.107760922387     
   3.9129460784793499E-002   4.0848461140451132E-002   1.7072220075071576E-002   45213.278949964864     
   3.9403029449944241E-002   4.1523119230732916E-002   1.6346748868242233E-002   38096.278949964864     
   3.9399710476444277E-002   4.1514934183947874E-002   1.6355550386899807E-002   30979.278949964864     
   3.9397778460876623E-002   4.1510169566872479E-002   1.6360673859884951E-002   30979.278949964864     
   3.9313485924467338E-002   4.1302292536776364E-002   1.6584207531337613E-002   23862.278949964864     
   3.9396800139048421E-002   4.1507756890201600E-002   1.6363268251742582E-002   16745.278949964864     
   3.9396339058965488E-002   4.1506619803071937E-002   1.6364490980683516E-002   9628.2789499648643     
   3.9397687569416244E-002   4.1509945415984996E-002   1.6360914893109330E-002   2511.2789499648643     
   3.9397355097950518E-002   4.1509125495457856E-002   1.6361796567460972E-002   1660.2789499648643     
   8.0131856458719466E-002  -7.2259994466345526E-003   5.4162852718746379E-002   1173000.0000000000     
   7.4690311766565057E-002  -6.2980915082370914E-002  -7.3264060731881880E-002   347046.21372488153     
   7.6462406185599074E-002  -4.4823759270666411E-002  -3.1766189275241052E-002   164226.30117291454     
   7.6654348331039263E-002  -4.2857090111192445E-002  -2.7271400288246674E-002   157109.30117291454     
   7.6482865941821340E-002  -4.4614125417296695E-002  -3.1287074661129018E-002   115958.47452451830     
   7.7376747704567608E-002  -3.5455273457099028E-002  -1.0354673943959305E-002   91072.306003349033     
   7.6700554947010502E-002  -4.2383649917086527E-002  -2.6189360759525444E-002   90221.306003349033     
   7.6441826329993398E-002  -4.5034623681050531E-002  -3.2248116306525312E-002   83104.306003349033     
   7.6679341025584297E-002  -4.2601011064763349E-002  -2.6686135973633930E-002   83104.306003349033     
   7.6480460522657279E-002  -4.4638771717225863E-002  -3.1343403361336758E-002   75987.306003349033     
   7.6437201444067043E-002  -4.5082010983597355E-002  -3.2356419182270731E-002   68870.306003349033     
   7.6460372921771547E-002  -4.4844592408972296E-002  -3.1813803059273178E-002   61753.306003349033     
   7.6460582661036641E-002  -4.4842443387749016E-002  -3.1808891507739107E-002   54636.306003349033     
   7.6481697668795812E-002  -4.4626095724932251E-002  -3.1314432596078093E-002   47519.306003349033     
   7.6445401232395530E-002  -4.4997994673459447E-002  -3.2164401331318725E-002   46806.306003349033     
   7.6433807427859643E-002  -4.5116786603024477E-002  -3.2435898270283037E-002   39689.306003349033     
   7.6433145723766735E-002  -4.5123566526366655E-002  -3.2451393670017301E-002   32572.306003349033     
   7.6430061385922024E-002  -4.5155169132989011E-002  -3.2523620891114553E-002   25455.306003349033     
   7.6436068820551525E-002  -4.5093616020793044E-002  -3.2382942297828607E-002   18338.306003349033     
   7.6435742288560871E-002  -4.5096961718498675E-002  -3.2390588833153898E-002   11221.306003349033     
   7.6435547937285103E-002  -4.5098953071983292E-002  -3.2395140037747072E-002   4104.3060033490328     
   7.6435645978679176E-002  -4.5097948524567985E-002  -3.2392844161677897E-002   3253.3060033490328     
   7.6435461815638095E-002  -4.5099835487810838E-002  -3.2397156784145176E-002   2540.3060033490328     
   7.6435474296781908E-002  -4.5099707604064676E-002  -3.2396864508013677E-002   1689.3060033490328     
  -5.4411936685024994E-003  -6.1864219191870636E-002  -5.8958949457997963E-002   1173000.0000000000     
   7.9843180104924739E-003  -6.3928152601496716E-002  -9.1269062491032629E-002   280095.41780202108     
  -4.8607691471072821E-003  -6.1953449128882870E-002  -6.0355811070562468E-002   145273.20513819589     
  -5.0501962333076031E-003  -6.1924328086702514E-002  -5.9899931941856596E-002   145273.20513819589     
  -4.8044569497643708E-003  -6.1962106126712414E-002  -6.0491333164974306E-002   138156.20513819589     
  -4.5732883444789679E-003  -6.1997644184338306E-002  -6.1047668293574747E-002   130650.05328069476     
  -4.0104244442190819E-003  -6.2084174488478326E-002  -6.2402268153486609E-002   123533.05328069476     
  -4.6720375196713281E-003  -6.1982463256659293E-002  -6.0810016493876413E-002   116416.05328069476     
  -4.5429437558442542E-003  -6.2002309124623782E-002  -6.1120696205819051E-002   81137.734569797016     
  -5.1939988779243426E-003  -6.1902220990175123E-002  -5.9553853534335968E-002   67251.160746802503     
  -5.1843554717011346E-003  -6.1903703492202804E-002  -5.9577061554450597E-002   60134.160746802503     
  -5.2768694120904980E-003  -6.1889481120870428E-002  -5.9354415599303247E-002   53017.160746802503     
  -5.1889838141751590E-003  -6.1902991966944640E-002  -5.9565922890087789E-002   45900.160746802503     
  -5.0496523345260197E-003  -6.1924411701457287E-002  -5.9901240899871130E-002   38783.160746802503     
  -5.0502632422116719E-003  -6.1924317785276455E-002  -5.9899770676847375E-002   31666.160746802503     
  -4.7995548053211753E-003  -6.1962859744148904E-002  -6.0503130766797690E-002   24549.160746802503     
  -5.0629340684675023E-003  -6.1922369871315164E-002  -5.9869276805303670E-002   17432.160746802503     
  -5.0569864879032563E-003  -6.1923284205943632E-002  -5.9883590375236689E-002   10315.160746802503     
  -5.0561909826980821E-003  -6.1923406500706747E-002  -5.9885504854454472E-002   3198.1607468025031     
  -5.0559151173039212E-003  -6.1923448910099939E-002  -5.9886168757796135E-002   2485.1607468025031     
  -5.0561142243363347E-003  -6.1923418300938352E-002  -5.9885689582709421E-002   1772.1607468025031     
  -5.0559527904675420E-003  -6.1923443118521715E-002  -5.9886078092784324E-002   1059.1607468025031     
  -5.0559365758867840E-003  -6.1923445611224842E-002  -5.9886117115128472E-002   1000.1607468025031     
  -2.7914928756254277E-003  -2.6942031183971954E-002  -3.5636819040515619E-004   1173000.0000000000     
  -3.6851122164737807E-003  -2.6987197075492075E-002  -3.1567973868760722E-003   507144.62858063029     
  -8.1736697358842821E-003  -2.7214060676956944E-002  -1.7223063584139761E-002   336536.49736404768     
  -1.2173146719002048E-002  -2.7416204850991079E-002  -2.9756646511634934E-002   149054.28657598511     
  -6.8232942944214106E-003  -2.7145809120715285E-002  -1.2991249611895312E-002   94221.319668551310     
  -9.4324392256518626E-003  -2.7277682225445039E-002  -2.1167802322029430E-002   94221.319668551310     
  -9.3180118474052286E-003  -2.7271898762267179E-002  -2.0809209175854590E-002   89713.446659332476     
  -1.2019665272016766E-002  -2.7408447491600998E-002  -2.9275665510433521E-002   82596.446659332476     
  -1.1725948644003512E-002  -2.7393602274233715E-002  -2.8355214729011938E-002   81745.446659332476     
  -1.1746520733851976E-002  -2.7394642042215412E-002  -2.8419683657123284E-002   80894.446659332476     
  -1.2348838941102796E-002  -2.7425084801862329E-002  -3.0307231761834075E-002   73777.446659332476     
  -1.1548432118071274E-002  -2.7384630118208454E-002  -2.7798912465449934E-002   73679.446659332476     
  -1.2312733006838548E-002  -2.7423259912185409E-002  -3.0194082786809136E-002   66562.446659332476     
  -1.2181208460061144E-002  -2.7416612312765345E-002  -2.9781910440026243E-002   59445.446659332476     
  -1.2264280119844709E-002  -2.7420810974771271E-002  -3.0042240863533350E-002   52328.446659332476     
  -1.1782953404377934E-002  -2.7396483446009562E-002  -2.8533856560039018E-002   45211.446659332476     
  -1.2354697539243587E-002  -2.7425380910950384E-002  -3.0325591468852383E-002   38094.446659332476     
  -1.2369399634470864E-002  -2.7426123993835681E-002  -3.0371664975592596E-002   30977.446659332476     
  -1.1626916714386711E-002  -2.7388596937861012E-002  -2.8044867924276875E-002   23860.446659332476     
  -1.2351912762671323E-002  -2.7425240160956713E-002  -3.0316864520741331E-002   16743.446659332476     
  -1.2352220174242548E-002  -2.7425255698352830E-002  -3.0317827888810975E-002   9626.4466593324760     
  -1.2354706557417331E-002  -2.7425381366752804E-002  -3.0325619730054768E-002   2509.4466593324760     
  -1.2354509409657469E-002  -2.7425371402382149E-002  -3.0325001907322541E-002   1796.4466593324760     
  -1.2354572703036543E-002  -2.7425374601397393E-002  -3.0325200256461373E-002   1070.4466593324760     
  -5.8817151329202150E-002   3.7621734655915236E-002   5.5680438380692039E-002   1173000.0000000000     
  -5.1352790970147055E-002   2.0724694359700768E-002   6.5495359527474747E-002   255502.42734070230     
  -5.0492476126851663E-002   1.8777203365786078E-002   6.6626591400291230E-002   206836.39084702410     
  -5.1916896344492522E-002   2.2001657258479301E-002   6.4753614823126360E-002   119225.40940124466     
  -5.2081307375831193E-002   2.2373833799809000E-002   6.4537430015503480E-002   115020.66895683459     
  -5.2552212798408236E-002   2.3439820370424871E-002   6.3918234348646477E-002   82898.847533287655     
  -5.2558529775476974E-002   2.3454120084123894E-002   6.3909928126969953E-002   75781.847533287655     
  -5.1359880415666782E-002   2.0740742706894955E-002   6.5486037583543405E-002   68664.847533287655     
  -5.2358076831815883E-002   2.3000355621583257E-002   6.4173504607878656E-002   61547.847533287655     
  -5.2039824122178967E-002   2.2279928337738241E-002   6.4591976533078105E-002   57094.180253405757     
  -5.2560895422595344E-002   2.3459475189285341E-002   6.3906817526890244E-002   49977.180253405757     
  -5.2322482247432821E-002   2.2919780314696037E-002   6.4220308087636763E-002   42860.180253405757     
  -5.2644823169850932E-002   2.3649462068151363E-002   6.3796460552988071E-002   35743.180253405757     
  -5.2647943205069186E-002   2.3656524878395313E-002   6.3792358004588837E-002   28626.180253405757     
  -5.2619598458259358E-002   2.3592360997500859E-002   6.3829628640180061E-002   21509.180253405757     
  -5.2583629451318573E-002   2.3510938111887366E-002   6.3876924449850297E-002   21411.180253405757     
  -5.2633693772517878E-002   2.3624268499491324E-002   6.3811094647804059E-002   14294.180253405757     
  -5.2617636165817910E-002   2.3587918964578933E-002   6.3832208867373452E-002   7177.1802534057570     
  -6.7941675677531246E-002  -6.7669938158046269E-002   6.3749135054411071E-002   1173000.0000000000     
  -7.0267406410309596E-002  -6.2937417787572503E-002   9.0057016402553786E-002   569621.79697744956     
  -6.6622819347017762E-002  -7.0353617038802690E-002   4.8830677225482955E-002   179068.09549344744     
  -6.6638214763946033E-002  -7.0322289627078663E-002   4.9004824987365213E-002   127747.15029391939     
  -6.6635022306858652E-002  -7.0328785808250846E-002   4.8968712989927207E-002   126896.15029391939     
  -6.6420668705845246E-002  -7.0764963895844191E-002   4.6544017378122145E-002   119779.15029391939     
  -6.6404011318066516E-002  -7.0798859232854075E-002   4.6355594627768115E-002   89003.179756775571     
  -6.6567741707088846E-002  -7.0465691944658113E-002   4.8207657545790900E-002   81886.179756775571     
  -6.6494605828887499E-002  -7.0614512712480579E-002   4.7380369167606691E-002   81886.179756775571     
  -6.6797539141045359E-002  -6.9998087925863275E-002   5.0807048585102529E-002   67687.742463980947     
  -6.6769572968421273E-002  -7.0054994978671389E-002   5.0490704676159424E-002   60570.742463980947     
  -6.6767241527346782E-002  -7.0059739118748340E-002   5.0464332201352553E-002   53453.742463980947     
  -6.6802666861615040E-002  -6.9987653767812186E-002   5.0865051630094874E-002   46336.742463980947     
  -6.6749695073462942E-002  -7.0095443574670319E-002   5.0265852635188235E-002   39219.742463980947     
  -6.6750242363173146E-002  -7.0094329920511816E-002   5.0272043391734668E-002   32102.742463980947     
  -6.6738062629283251E-002  -7.0119113889665491E-002   5.0134270351411665E-002   24985.742463980947     
  -6.6765307590260531E-002  -7.0063674396606143E-002   5.0442456157542767E-002   17868.742463980947     
  -6.6751070084025824E-002  -7.0092645630176267E-002   5.0281406290747260E-002   10751.742463980947     
  -6.6751923986680561E-002  -7.0090908063719842E-002   5.0291065349471087E-002   9900.7424639809469     
  -6.6750861659016988E-002  -7.0093069744449732E-002   5.0279048657369908E-002   2783.7424639809469     
  -6.6750878249143664E-002  -7.0093035985979199E-002   5.0279236319285256E-002   1932.7424639809469     
  -6.6750895269224633E-002  -7.0093001352614814E-002   5.0279428844698673E-002   1871.7424639809469     
  -6.6750873986191922E-002  -7.0093044660459708E-002   5.0279188098213599E-002   1145.7424639809469     
  -8.8763327994917776E-002  -1.0343347468917262E-002   2.7978032509453611E-002   1173000.0000000000     
  -9.5049363998878797E-002  -1.9751037932115766E-002   3.7155615290817345E-002   1058816.3135773134     
  -8.3108508454437902E-002  -1.8803364666641897E-003   1.9722022773950177E-002   1051699.3135773134     
  -8.7972888113485470E-002  -9.1603740132137450E-003   2.6823994027815073E-002   393672.78594555234     
  -9.4894766934967609E-002  -1.9519667745422700E-002   3.6929904310016942E-002   329471.23111780762     
  -6.9563392158709502E-003  -2.4779307622350720E-002   3.3842924043442121E-002   1173000.0000000000     
  -7.2893162257661476E-003  -2.5097031991146556E-002   3.3360970785819011E-002   668710.45507191145     
  -2.1585297291580915E-002  -3.8738158631940474E-002   1.2668867605012816E-002   209831.97534405559     
  -3.1840198767102229E-002  -4.8523314968706932E-002  -2.1741486569421403E-003   209733.97534405559     
  -2.1798189412763510E-002  -3.8941298827251968E-002   1.2360726056866471E-002   161626.09488631765     
  -2.1492331611283728E-002  -3.8649451420288243E-002   1.2803426782177871E-002   137014.79760957794     
  -2.1208111927394038E-002  -3.8378250956053107E-002   1.3214808344449573E-002   136916.79760957794     
  -1.8842766299547085E-002  -3.6121254454017690E-002   1.6638426182522620E-002   91586.509576415905     
  -2.1502805130823904E-002  -3.8659445180476135E-002   1.2788267336597062E-002   84469.509576415905     
  -2.1996223875100415E-002  -3.9130261946854789E-002   1.2074089588255765E-002   68120.856736026559     
  -2.1804755341984894E-002  -3.8947563991679021E-002   1.2351222484897451E-002   61003.856736026559     
  -2.2617378771680734E-002  -3.9722963669723117E-002   1.1175025637895779E-002   60152.856736026559     
  -2.2797311953064153E-002  -3.9894654671748957E-002   1.0914589090190809E-002   53035.856736026559     
  -2.1631646919663315E-002  -3.8782385127730794E-002   1.2601780828508444E-002   45918.856736026559     
  -2.1504734417128499E-002  -3.8661286092176159E-002   1.2785474874079361E-002   38801.856736026559     
  -2.1498192228140544E-002  -3.8655043580516281E-002   1.2794944084268144E-002   31684.856736026559     
  -2.1275169187945881E-002  -3.8442236532080468E-002   1.3117749195589973E-002   24567.856736026559     
  -2.1528233101604542E-002  -3.8683708375008931E-002   1.2751462713490105E-002   17450.856736026559     
  -2.1513922912456872E-002  -3.8670053691114321E-002   1.2772175381548158E-002   17450.856736026559     
  -2.1513838624666971E-002  -3.8669973264285902E-002   1.2772297380285947E-002   10333.856736026559     
  -2.1512501713367018E-002  -3.8668697592734134E-002   1.2774232435070568E-002   3216.8567360265588     
  -2.1511829262401430E-002  -3.8668055944655624E-002   1.2775205745310689E-002   2490.8567360265588     
  -2.1511984274077803E-002  -3.8668203855729270E-002   1.2774981380323987E-002   1777.8567360265588     
  -2.1512141358103375E-002  -3.8668353744224240E-002   1.2774754015804527E-002   1051.8567360265588     
  -6.1256767887823513E-002   1.0069289913648624E-003  -6.8264610184043506E-002   1173000.0000000000     
  -5.2844277878390980E-002  -2.0669903824545818E-003  -5.8894809203293041E-002   606486.23796429229     
  -5.9605388538563023E-002   4.0351585571472229E-004  -6.6425309830766097E-002   381069.44173072855     
  -5.0682525305735977E-002  -2.8568936224034492E-003  -5.6487056997621292E-002   225790.83385113926     
  -4.7976535387624218E-002  -3.8456608988361404E-003  -5.3473135202743022E-002   123991.93167693388     
  -4.9592788722733538E-002  -3.2550827900690335E-003  -5.5273312328358429E-002   116874.93167693388     
  -4.2153648725789972E-002  -5.9733405871683345E-003  -4.6987625075102034E-002   95851.534457339701     
  -4.7300594012631571E-002  -4.0926495176429748E-003  -5.2720274141245832E-002   88734.534457339701     
  -4.6999047253655980E-002  -4.2028345429432389E-003  -5.2384412450495098E-002   81617.534457339701     
  -4.7430681568897251E-002  -4.0451155937928978E-003  -5.2865165191447960E-002   74500.534457339701     
  -4.4289235962417108E-002  -5.1929981470835232E-003  -4.9366234424033296E-002   67383.534457339701     
  -4.5970516866955163E-002  -4.5786589990432355E-003  -5.1238839021553691E-002   66532.534457339701     
  -4.5760498022747620E-002  -4.6553997729820900E-003  -5.1004920791609232E-002   59415.534457339701     
  -4.7324058582364818E-002  -4.0840755763461075E-003  -5.2746408894244395E-002   52298.534457339701     
  -4.7276619421140594E-002  -4.1014098206187755E-003  -5.2693571327856049E-002   51447.534457339701     
  -4.7106201012578966E-002  -4.1636806164409047E-003  -5.2503759920069733E-002   44330.534457339701     
  -4.7485829741848118E-002  -4.0249644807366760E-003  -5.2926589027247138E-002   37213.534457339701     
  -4.7483952527022859E-002  -4.0256504140351070E-003  -5.2924498192156569E-002   30096.534457339701     
  -4.7335742964591539E-002  -4.0798061092968095E-003  -5.2759422916956414E-002   22979.534457339701     
  -4.7425367682637838E-002  -4.0470572850049864E-003  -5.2859246604129669E-002   15862.534457339701     
  -4.7477517430531142E-002  -4.0280017948695693E-003  -5.2917330804932133E-002   8745.5344573397015     
  -4.7481811557411699E-002  -4.0264327231919819E-003  -5.2922113587938330E-002   1628.5344573397015     
  -1.1790164167914214E-002   2.0145177021522950E-002  -2.4419715066156516E-002   1173000.0000000000     
  -8.5935029598787800E-003   9.9846544390873315E-006  -1.3739285680181932E-002   252319.41398829865     
  -1.1565201227244097E-002   1.8728176034846146E-002  -2.3668086837225433E-002   132661.24285143596     
  -1.1523357094250094E-002   1.8464607388550366E-002  -2.3528280558556800E-002   93305.896371839364     
  -1.1346444610468012E-002   1.7350267562942136E-002  -2.2937194682523941E-002   87905.977274035598     
  -1.1486436009860771E-002   1.8232048137444362E-002  -2.3404922777105791E-002   87905.977274035598     
  -1.1632176645280578E-002   1.9150042112690273E-002  -2.3891859760404352E-002   80788.977274035598     
  -1.0822780832757525E-002   1.4051803880469341E-002  -2.1187571048411399E-002   73671.977274035598     
  -1.1191649504082860E-002   1.6375241108241994E-002  -2.2420005623237579E-002   66554.977274035598     
  -1.1569940494728020E-002   1.8758027825904879E-002  -2.3683921299625148E-002   59437.977274035598     
  -1.1618390693406972E-002   1.9063206888412940E-002  -2.3845799237902195E-002   52320.977274035598     
  -1.1601938585473938E-002   1.8959578028012288E-002  -2.3790830767490782E-002   45203.977274035598     
  -1.1648436533180890E-002   1.9252460213775562E-002  -2.3946186000578507E-002   38086.977274035598     
  -1.1650314951090019E-002   1.9264292029374609E-002  -2.3952462020628860E-002   30969.977274035598     
  -1.1548305003892895E-002   1.8621749771531630E-002  -2.3611634523812125E-002   23852.977274035598     
  -1.1644961322094039E-002   1.9230570485963917E-002  -2.3934574902561255E-002   16735.977274035598     
  -1.1645549307344428E-002   1.9234274099001109E-002  -2.3936539431968055E-002   9618.9772740355984     
  -1.1647221839617096E-002   1.9244809078111713E-002  -2.3942127563356234E-002   2501.9772740355984     
  -1.1647195958449505E-002   1.9244646057305248E-002  -2.3942041091263980E-002   2403.9772740355984     
  -1.1647036772686175E-002   1.9243643374894395E-002  -2.3941509232492015E-002   1677.9772740355984     
   7.4203945118170397E-002   2.3461656050485256E-002  -9.1149927017127610E-002   1173000.0000000000     
   7.2516482414160893E-002   2.3257483897082133E-002  -9.1551205308194383E-002   432563.98830101558     
   6.8875256773209603E-002   2.2816918971781418E-002  -9.2417088032071881E-002   196435.24006801037     
   4.8827680161672785E-002   2.0391290910452425E-002  -9.7184397711623988E-002   196435.24006801037     
   6.9043223181609673E-002   2.2837241828826460E-002  -9.2377145653991910E-002   128098.31336448069     
   6.4666178859664955E-002   2.2307647567199846E-002  -9.3418005911975785E-002   94442.440088423216     
   7.1752408833557851E-002   2.3165035899304472E-002  -9.1732901851735840E-002   94442.440088423216     
   6.9715476577375521E-002   2.2918580173739180E-002  -9.2217283931907160E-002   76799.204319182405     
   6.9600492006032369E-002   2.2904667778826104E-002  -9.2244627239808419E-002   69682.204319182405     
   6.9496234835144485E-002   2.2892053330496480E-002  -9.2269419574042499E-002   62565.204319182405     
   6.6945248683724673E-002   2.2583400383916163E-002  -9.2876043566942887E-002   55448.204319182405     
   6.9765385150380263E-002   2.2924618790651687E-002  -9.2205415683300929E-002   48331.204319182405     
   7.0047256593327750E-002   2.2958723425588325E-002  -9.2138386710952244E-002   41214.204319182405     
   7.0078280848332064E-002   2.2962477161263137E-002  -9.2131009149362189E-002   34097.204319182405     
   7.0054270187432446E-002   2.2959572025446590E-002  -9.2136718879687066E-002   26980.204319182405     
   7.0103875605670912E-002   2.2965573962578680E-002  -9.2124922721223176E-002   26980.204319182405     
   7.0028052341695221E-002   2.2956399834435173E-002  -9.2142953478121667E-002   19863.204319182405     
   7.0037388557464678E-002   2.2957529456603270E-002  -9.2140733327892521E-002   12746.204319182405     
   7.0035808666328955E-002   2.2957338299919004E-002  -9.2141109025686313E-002   12687.204319182405     
   7.0048564936790944E-002   2.2958881726747597E-002  -9.2138075587140267E-002   5570.2043191824050     
   7.0047497107834492E-002   2.2958752526299499E-002  -9.2138329516650991E-002   4719.2043191824050     
   7.0049431209477778E-002   2.2958986540181092E-002  -9.2137869587669854E-002   4006.2043191824050     
   7.0049547251393410E-002   2.2959000580507878E-002  -9.2137841992925684E-002   3155.2043191824050     
   7.0052068560015626E-002   2.2959305642663956E-002  -9.2137242426243257E-002   2304.2043191824050     
   7.0050887275171864E-002   2.2959162714781902E-002  -9.2137523335541122E-002   1591.2043191824050     
   7.2731135891597853E-002  -4.5161197005246234E-002   2.7907412524128164E-002   1332000.0000000000     
   7.9786596636147122E-002  -5.5085449993423533E-002   7.1969498555674331E-003   358366.32076562935     
   7.7041442048212255E-002  -5.1224099245583500E-002   1.5255023406153888E-002   189594.28040334035     
   7.8827563290047434E-002  -5.3736467992759093E-002   1.0012077744649231E-002   130997.15373623458     
   7.7678403895188597E-002  -5.2120053562683705E-002   1.3385297950832983E-002   92716.600321129081     
   7.8763682752778674E-002  -5.3646613249627578E-002   1.0199591435144146E-002   85599.600321129081     
   7.8919465136028252E-002  -5.3865737675153506E-002   9.7423108478766791E-003   78482.600321129081     
   7.8811744484209995E-002  -5.3714217166514630E-002   1.0058511960587652E-002   71365.600321129081     
   7.8347946462605261E-002  -5.3061836114663759E-002   1.1419935680451465E-002   64248.600321129081     
   7.9078342928158935E-002  -5.4089216121196319E-002   9.2759440573977059E-003   64248.600321129081     
   7.9280329522634571E-002  -5.4373331664656077E-002   8.6830365243681790E-003   57131.600321129081     
   7.9269821617477365E-002  -5.4358551182851753E-002   8.7138812254249250E-003   50014.600321129081     
   7.9275730991628574E-002  -5.4366863343630722E-002   8.6965349631205353E-003   50014.600321129081     
   7.9089901851501165E-002  -5.4105474971422048E-002   9.2420142179392758E-003   50014.600321129081     
   7.9052716719929444E-002  -5.4053170144497530E-002   9.3511667321583680E-003   42897.600321129081     
   7.9319492846884318E-002  -5.4428419029150701E-002   8.5680772617179341E-003   35780.600321129081     
   7.9345167360086968E-002  -5.4464532951911622E-002   8.4927127934757100E-003   28663.600321129081     
   7.9303048059964562E-002  -5.4405287694197911E-002   8.6163489703880419E-003   21546.600321129081     
   7.9310397099478638E-002  -5.4415624896826990E-002   8.5947767422916935E-003   14429.600321129081     
   7.9308331544604260E-002  -5.4412719475072625E-002   8.6008399320201163E-003   7312.6003211290808     
  -6.8072135942421702E-002   5.5920985501762832E-002   3.4473428851106491E-002   1332000.0000000000     
  -6.5355229155409728E-002   4.7592064448913195E-002   3.3704741862340341E-002   264471.63514009025     
  -6.5467935857839166E-002   4.7937576938023731E-002   3.3736629660669828E-002   257354.63514009025     
  -6.4560039919989778E-002   4.5154340639046081E-002   3.3479761151998612E-002   242166.59440824125     
  -6.6607084056832494E-002   5.1429737752030150E-002   3.4058925737601345E-002   133086.62172132125     
  -6.5303271216971687E-002   4.7432782735831257E-002   3.3690041545262346E-002   125969.62172132125     
  -6.3921321411356966E-002   4.3196291853998418E-002   3.3299050275417477E-002   84635.974402922613     
  -6.7295164714215136E-002   5.3539110624419232E-002   3.4253602511600423E-002   64756.869974471068     
  -6.6469196282261667E-002   5.1007030431321265E-002   3.4019913527565573E-002   51978.809249309903     
  -6.6569165546121994E-002   5.1313495161868714E-002   3.4048197557320775E-002   44861.809249309903     
  -6.6830028066687183E-002   5.2113192578733147E-002   3.4122002675101702E-002   44010.809249309903     
  -6.6809151059275068E-002   5.2049192242988637E-002   3.4116096000629544E-002   43159.809249309903     
  -6.6841835016570636E-002   5.2149387840905642E-002   3.4125343183063109E-002   36042.809249309903     
  -6.6858048133049172E-002   5.2199090601344832E-002   3.4129930315659626E-002   28925.809249309903     
  -6.6788639004581318E-002   5.1986310702483579E-002   3.4110292581229468E-002   21808.809249309903     
  -6.6824799434485577E-002   5.2097163738498452E-002   3.4120523352527354E-002   14691.809249309903     
  -6.6869099340204158E-002   5.2232969066506957E-002   3.4133057003402766E-002   7574.8092493099030     
   4.5696140561725877E-002  -3.8043333596362947E-003  -4.3810879698924401E-002   1173000.0000000000     
   5.3813088621629673E-002  -1.4335740491741324E-002  -6.8728582741492086E-002   334697.97381354508     
   4.6053596783186587E-002  -4.2681181433165830E-003  -4.4908211837967532E-002   157945.11650276670     
   4.8289090679730959E-002  -7.1685797690527586E-003  -5.1770812492359965E-002   117598.63179658477     
   4.8783826831090518E-002  -7.8104796302427091E-003  -5.3289571564491628E-002   85937.020634900036     
   4.9252022961969878E-002  -8.4179449035914362E-003  -5.4726857114285980E-002   78820.020634900036     
   4.9046020941241698E-002  -8.1506657323667624E-003  -5.4094464601633328E-002   71703.020634900036     
   4.8539297767144947E-002  -7.4932132009101681E-003  -5.2538907330138371E-002   69159.225891684953     
   4.8867205926988157E-002  -7.9186605867702584E-003  -5.3545531752508362E-002   62042.225891684953     
   4.8675695190323588E-002  -7.6701832621527853E-003  -5.2957625111927052E-002   54925.225891684953     
   4.9399037690829976E-002  -8.6086904834097727E-003  -5.5178168288089746E-002   54074.225891684953     
   4.9400181242300757E-002  -8.6101741945320397E-003  -5.5181678804080807E-002   46957.225891684953     
   4.9463145034620883E-002  -8.6918671321498282E-003  -5.5374967348973306E-002   39840.225891684953     
   4.9467035878738588E-002  -8.6969153427813011E-003  -5.5386911604079346E-002   32723.225891684953     
   4.9477086595854973E-002  -8.7099557359365913E-003  -5.5417765661863440E-002   25606.225891684953     
   4.9457874774358153E-002  -8.6850291856569676E-003  -5.5358788511901229E-002   18489.225891684953     
   4.9462327976827314E-002  -8.6908070331802329E-003  -5.5372459115174279E-002   11372.225891684953     
   4.9462466087867113E-002  -8.6909862265887490E-003  -5.5372883093478847E-002   4255.2258916849532     
   4.9462338897416254E-002  -8.6908212021963999E-003  -5.5372492639596302E-002   3404.2258916849532     
   4.9462602174505557E-002  -8.6911627934195476E-003  -5.5373300857202330E-002   2691.2258916849532     
   4.9462379597292265E-002  -8.6908740086159217E-003  -5.5372617581559321E-002   1978.2258916849532     
   4.9462493291571402E-002  -8.6910215222791038E-003  -5.5372966604401927E-002   1265.2258916849532     
  -2.6104632624646639E-002  -6.8274320932403015E-002   8.1310838035402844E-002   1173000.0000000000     
  -2.6891123697402881E-002  -6.8286219263682321E-002   7.8793179386977621E-002   456275.58592602290     
  -3.0301325899865960E-002  -6.8337810078810235E-002   6.7876685398277375E-002   218313.06328977295     
  -3.0882359007909855E-002  -6.8346600165110294E-002   6.6016724007537608E-002   126267.48647824791     
  -2.9931941497506290E-002  -6.8332221893335626E-002   6.9059132176643334E-002   103197.75852078045     
  -2.7377853732826612E-002  -6.8293582697808483E-002   7.7235094208924146E-002   96080.758520780451     
  -2.7685650209278247E-002  -6.8298239158091745E-002   7.6249798268847480E-002   88963.758520780451     
  -2.7937795433924353E-002  -6.8302053705411161E-002   7.5442649112958532E-002   81846.758520780451     
  -2.5944388636771117E-002  -6.8271896701385892E-002   8.1823799562758912E-002   74729.758520780451     
  -2.7334718059566911E-002  -6.8292930125200629E-002   7.7373177023338485E-002   67612.758520780451     
  -2.7390448675274910E-002  -6.8293773238811278E-002   7.7194776185134956E-002   60495.758520780451     
  -2.8026657643202196E-002  -6.8303398046168265E-002   7.5158189800632838E-002   53378.758520780451     
  -2.8124246395558886E-002  -6.8304874405334809E-002   7.4845795706318691E-002   46261.758520780451     
  -2.8155664408024809E-002  -6.8305349708785046E-002   7.4745222624765517E-002   39144.758520780451     
  -2.8154173188921654E-002  -6.8305327149064385E-002   7.4749996208092542E-002   32027.758520780451     
  -2.8200068650929219E-002  -6.8306021472789219E-002   7.4603078956454988E-002   24910.758520780451     
  -2.8146905586246610E-002  -6.8305217202051349E-002   7.4773260735004468E-002   17793.758520780451     
  -2.8152752557553708E-002  -6.8305305657221413E-002   7.4754543831039091E-002   10676.758520780451     
  -2.8152279276280515E-002  -6.8305298497245190E-002   7.4756058865006886E-002   3559.7585207804514     
  -2.8152938665404408E-002  -6.8305308472730628E-002   7.4753948075974505E-002   2708.7585207804514     
  -2.8152504141082800E-002  -6.8305301899084070E-002   7.4755339043976743E-002   1995.7585207804514     
  -2.8152738596717481E-002  -6.8305305446016651E-002   7.4754588521463800E-002   1934.7585207804514     
  -2.8152738252346925E-002  -6.8305305440806888E-002   7.4754589623838047E-002   1083.7585207804514     
